rosarypea	Abrus precatorius L.	35	Vines
hairy Indian mallow	Abutilon grandifolium (Willd.) Sweet	4	Shrub or Subshrub
velvetleaf	Abutilon theophrasti Medik	1248	Forbs/Herbs
earleaf acacia	Acacia auriculiformis A. Cunningham ex Benth.	16	Shrub or Subshrub
small Philippine acacia	Acacia confusa Merr	4	Hardwood Trees
silver wattle	Acacia dealbata Link	28	Shrub or Subshrub
Sydney golden wattle	Acacia longifolia (Andr.) Willd.	14	Hardwood Trees
black wattle	Acacia mearnsii de Wildeman.	11	Hardwood Trees
black acacia	Acacia melanoxylon R. Br. ex Ait. f.	19	Hardwood Trees
everblooming acacia	Acacia retinodes Schlecht.	10	Hardwood Trees
bear's breech	Acanthus mollis L.	1	Forbs/Herbs
hedge maple	Acer campestre L.	32	Hardwood Trees
Amur maple	Acer ginnala Maxim.	148	Hardwood Trees
Japanese maple	Acer palmatum Thunb.	44	Hardwood Trees
Norway maple	Acer platanoides L.	453	Hardwood Trees
Sycamore maple	Acer pseudoplatanus L.	90	Hardwood Trees
Japanese chaff flower	Achyranthes japonica (Miq.) Nakai	126	Forbs/Herbs
Japanese chaff flower	Achyranthes japonica var. hachijoensis Honda	0	Forbs/Herbs
red beadtree	Adenanthera pavonina L	4	Hardwood Trees
rough maidenhair fern	Adiantum hispidulum Sw.	6	Forbs/Herbs
delta maidenhair	Adiantum raddianum K. Presl	4	Forbs/Herbs
jointed goatgrass	Aegilops cylindrica Host	547	Grass or Grasslike
barb goatgrass	Aegilops triuncialis L	36	Grass or Grasslike
goutweed	Aegopodium podagraria L.	279	Forbs/Herbs
Ohio buckeye	Aesculus glabra Willd.	0	Hardwood Trees
common horse chestnut	Aesculus hippocastanum L.	127	Hardwood Trees
sisal	Agave sisalana Perrine	21	Forbs/Herbs
croftonweed	Ageratina adenophora (Spreng.) King & H.E. Robins.	13	Forbs/Herbs
creeping croftonweed	Ageratina riparia (Regel) King & H.E. Robins.	4	Shrub or Subshrub
tropic ageratum	Ageratum conyzoides L.	19	Forbs/Herbs
Pacific bentgrass	Agrostis avenacea J.F. Gmel.	33	Grass or Grasslike
colonial bentgrass	Agrostis capillaris L.	368	Grass or Grasslike
redtop	Agrostis gigantea Roth	1498	Grass or Grasslike
creeping bentgrass	Agrostis stolonifera L.	1187	Grass or Grasslike
tree-of-heaven	Ailanthus altissima (P. Mill.) Swingle	1376	Hardwood Trees
silver hairgrass	Aira caryophyllea L.	325	Grass or Grasslike
carpet bugle	Ajuga reptans L.	337	Forbs/Herbs
chocolate vine	Akebia quinata (Houtt.) Dcne.	96	Vines
mimosa	Albizia julibrissin Durazz.	1076	Hardwood Trees
woman's tongue tree	Albizia lebbeck (L.) Benth	30	Hardwood Trees
hollyhock	Alcea rosea L.	368	Forbs/Herbs
lady's-mantle	Alchemilla mollis (Buser) Rothm.	4	Shrub or Subshrub
waterwheel plant	Aldrovanda vesiculosa L.	0	Aquatic Plants
camelthorn	Alhagi maurorum Medik	57	Shrub or Subshrub
golden trumpet	Allamanda cathartica L.	15	Vines
garlic mustard	Alliaria petiolata (Bieb.) Cavara & Grande	1077	Forbs/Herbs
wild garlic	Allium vineale L.	911	Forbs/Herbs
European black alder	Alnus glutinosa (L.) Gaertn.	141	Hardwood Trees
slender meadow foxtail	Alopecurus myosuroides Huds.	61	Grass or Grasslike
meadow foxtail	Alopecurus pratensis Linnaeus	306	Grass or Grasslike
red ginger	Alpinia purpurata (Vieill.) K. Schum.	3	Forbs/Herbs
deviltree	Alstonia macrophylla Wallich ex G. Don	4	Hardwood Trees
alligatorweed	Alternanthera philoxeroides (Mart.) Griseb.	422	Aquatic Plants
sessile joyweed	Alternanthera sessilis (L.) R. Br. ex DC.	48	Aquatic Plants
alyceclover	Alysicarpus vaginalis (L.) DC.	20	Forbs/Herbs
spiny amaranth	Amaranthus spinosus L	778	Forbs/Herbs
slender amaranth	Amaranthus viridis L	186	Forbs/Herbs
European beachgrass	Ammophila arenaria (L.) Link	33	Grass or Grasslike
indigobush	Amorpha fruticosa L.	1214	Shrub or Subshrub
porcelain-berry	Ampelopsis glandulosa var. brevipedunculata (Maxim.) Momiy.	141	Vines
scarlet pimpernel	Anagallis arvensis L.	685	
Italian bugloss	Anchusa azurea P. Mill.	55	Forbs/Herbs
broomsedge bluestem	Andropogon virginicus L.	1178	Grass or Grasslike
oriental vessel fern	Angiopteris evecta (J.R. Forst.) Hoffmann	4	Forbs/Herbs
stinking chamomile	Anthemis cotula L	1468	Forbs/Herbs
sweet vernalgrass	Anthoxanthum odoratum L.	664	Grass or Grasslike
bur chervil	Anthriscus caucalis M. Bieb.	43	Forbs/Herbs
wild chervil	Anthriscus sylvestris (L.) Hoffmann	128	Forbs/Herbs
coral vine	Antigonon leptopus Hook. & Arn.	56	Vines
interrupted windgrass	Apera interrupta (L.) Beauv.	100	Grass or Grasslike
wild celery	Apium graveolens L.	94	Forbs/Herbs
Japanese angelica tree	Aralia elata (Miq.) Seem	58	Hardwood Trees
white bladderflower	Araujia sericifera Brot.	26	Vines
great burdock	Arctium lappa L.	243	Forbs/Herbs
common burdock	Arctium minus Bernh.	1305	Forbs/Herbs
capeweed	Arctotheca calendula (L.) Levyns	11	Forbs/Herbs
coral ardisia	Ardisia crenata Sims	62	Shrub or Subshrub
shoebutton ardisia	Ardisia elliptica Thunb	17	Hardwood Trees
Japanese ardisia	Ardisia japonica (Thunb.) Blume	1	Shrub or Subshrub
thymeleaf sandwort	Arenaria serpyllifolia L.	1087	Forbs/Herbs
elegant dutchman's pipe	Aristolochia elegans Mast.	19	Vines
tall oatgrass	Arrhenatherum elatius (L.) Beauv. ex J.& K. Presl	646	Grass or Grasslike
absinth wormwood	Artemisia absinthium L.	396	Shrub or Subshrub
beach wormwood	Artemisia stelleriana Bess.	66	Forbs/Herbs
mugwort	Artemisia vulgaris L.	473	Forbs/Herbs
small carpetgrass, joint-head grass	Arthraxon hispidus (Thunb.) Makino	420	Grass or Grasslike
hairy jointgrass	Arthraxon hispidus var. hispidus (Thunb.) Makino	1	Grass or Grasslike
Italian arum	Arum italicum P. Mill.	31	Forbs/Herbs
bamboo orchid	Arundina graminifolia (D. Don) Hochr.	4	Forbs/Herbs
giant reed	Arundo donax L.	518	Grass or Grasslike
bloodflower milkweed	Asclepias curassavica L.	42	Forbs/Herbs
balloon cottonbush	Asclepias physocarpa (E. Mey.) Schlechter	4	Forbs/Herbs
Sprenger's asparagus fern	Asparagus aethiopicus L.	38	Shrub or Subshrub
African asparagus fern	Asparagus asparagoides (L.) Druce	11	Vines
onionweed	Asphodelus fistulosus Linnaeus	12	Forbs/Herbs
Chinese violet	Asystasia gangetica (L.) T. Anders	13	Vines
Australian saltbush	Atriplex semibaccata R. Br.	55	Shrub or Subshrub
peregrine saltbush	Atriplex suberecta I. Verd.	24	Forbs/Herbs
slender oat	Avena barbata Pott ex Link	75	Grass or Grasslike
wild oat	Avena fatua L.	522	Grass or Grasslike
broadleaf carpetgrass	Axonopus compressus (Sw.) Beauv.	53	Grass or Grasslike
carpetgrass	Axonopus fissifolius (Raddi) Kuhlm.	304	Grass or Grasslike
common bamboo	Bambusa vulgaris Schrad. ex J.C. Wendl.	23	Grass or Grasslike
yellow rocket	Barbarea vulgaris Ait. f.	1350	Forbs/Herbs
fivehook bassia	Bassia hyssopifolia (Pallas) Kuntz	201	Vines
Mexican fireweed	Bassia scoparia (L.) A.J. Scott	1005	Forbs/Herbs
mountain ebony	Bauhinia variegata L	16	Shrub or Subshrub
clubed begonia	Begonia cucullata Willd	28	Vines
bellardia	Bellardia trixago (L.) All	36	Forbs/Herbs
English daisy	Bellis perennis L.	16	Forbs/Herbs
wintergreen barberry	Berberis julianae C.K. Schneid.	3	Shrub or Subshrub
Japanese barberry	Berberis thunbergii DC.	755	Shrub or Subshrub
common barberry	Berberis vulgaris L	387	Shrub or Subshrub
hoary alyssum	Berteroa incana (L.) DC	593	Forbs/Herbs
European birch	Betula pendula Roth	103	Hardwood Trees
spanishneedles	Bidens bipinnata L.	1052	Forbs/Herbs
hairy beggarticks	Bidens pilosa L.	160	Forbs/Herbs
Javanese bishopwood	Bischofia javanica Blume	13	Hardwood Trees
plume poppy	Bocconia frutescens L.	2	Hardwood Trees
scarlet spiderling	Boerhavia coccinea P. mill.	83	Forbs/Herbs
Caucasian bluestem	Bothriochloa bladhii (Retz.) S.T. Blake	4	Grass or Grasslike
yellow bluestem	Bothriochloa ischaemum (L.) Keng	294	Grass or Grasslike
paperflower	Bougainvillea glabra Choisy	4	Vines
annual false-brome	Brachypodium distachyon (L.) Beauv.	37	Grass or Grasslike
perennial false-brome	Brachypodium sylvaticum (Huds.) Beauv.	22	Grass or Grasslike
Indian mustard	Brassica juncea (L.) Czern	608	Forbs/Herbs
black mustard	Brassica nigra (L.) W.D.J. Koch	864	Forbs/Herbs
birdsrape mustard	Brassica rapa L.	824	Forbs/Herbs
African mustard	Brassica tournefortii Gouan	37	Forbs/Herbs
snowbush	Breynia disticha J.R. & G. Forst.	4	Shrub or Subshrub
big quakinggrass	Briza maxima L.	57	Grass or Grasslike
little quakinggrass	Briza minor L.	41	Grass or Grasslike
field brome	Bromus arvensis L.	1653	Grass or Grasslike
rattlesnake brome	Bromus briziformis Fisch. & C.A. Mey.	130	Grass or Grasslike
rescuegrass	Bromus catharticus Vahl	681	Grass or Grasslike
ripgut brome	Bromus diandrus Roth	174	Grass or Grasslike
ripgut brome	Bromus diandrus ssp. rigidus (Roth) Sales	127	Grass or Grasslike
soft brome	Bromus hordeaceus L.	416	Grass or Grasslike
soft brome	Bromus hordeaceus ssp. hordeaceus L.	360	Grass or Grasslike
smooth brome	Bromus inermis Leyss.	1482	Grass or Grasslike
Japanese brome	Bromus japonicus Thunb.	32	Grass or Grasslike
bald brome	Bromus racemosus L.	1177	Grass or Grasslike
red brome	Bromus rubens L.	138	Grass or Grasslike
rye brome	Bromus secalinus L.	942	Grass or Grasslike
poverty brome	Bromus sterilis L.	316	Grass or Grasslike
cheatgrass	Bromus tectorum L.	1784	Grass or Grasslike
paper-mulberry	Broussonetia papyrifera (L.) L'Hér. ex Vent.	530	Hardwood Trees
oriental mangrove	Bruguiera sexangula (Lour.) Poir.	1	Hardwood Trees
white bryony	Bryonia alba L.	42	Vines
butterflybush	Buddleja davidii Franch.	156	Shrub or Subshrub
Lindley's butterflybush	Buddleja lindleyana Fortune ex Lindl.	23	Shrub or Subshrub
smokebush	Buddleja madagascariensis Lam.	5	Shrub or Subshrub
corn gromwell	Buglossoides arvensis (L.) I.M. Johnston	1000	Forbs/Herbs
hare's ear	Bupleurum rotundifolium L.	98	Forbs/Herbs
flowering-rush	Butomus umbellatus L.	250	Aquatic Plants
Carolina fanwort	Cabomba caroliniana A. Gray	233	Aquatic Plants
shoofly	Caesalpinia decapetala (Roth) Alston	4	Vines
paradise poinciana	Caesalpinia gilliesii (Wall. ex Hook.) Wall. ex D. Dietr.	77	Shrub or Subshrub
pigeon pea	Cajanus cajan (L.) Millsp.	11	Shrub or Subshrub
European sea-rocket	Cakile maritima Scop.	51	Forbs/Herbs
purple beautyberry	Callicarpa dichotoma (Lour.) K. Koch	12	Shrub or Subshrub
basketplant	Callisia fragrans (Lindl.) Woods	13	Forbs/Herbs
bottlebrush	Callistemon viminalis (Gaertn.)G.Don ex Loudon	17	Hardwood Trees
European waterstarwort	Callitriche stagnalis Scop.	107	Aquatic Plants
heather	Calluna vulgaris (L.) Hull	44	Forbs/Herbs
incense-cedar	Calocedrus decurrens (Torr.) Florin	64	Conifer Trees
Antilles calophyllum	Calophyllum antillanum Britt	7	Hardwood Trees
Alexandrian laurel	Calophyllum inophyllum L.	5	Hardwood Trees
smallseed falseflax	Camelina microcarpa DC.	951	Forbs/Herbs
creeping bellflower	Campanula rapunculoides L.	544	Forbs/Herbs
maunaloa	Canavalia cathartica Thouars	4	Vines
Indian shot	Canna indica L.	31	Forbs/Herbs
marijuana	Cannabis sativa L	706	Forbs/Herbs
shepherd's-purse	Capsella bursa-pastoris (L.) Medik.	2165	Forbs/Herbs
Siberian peashrub	Caragana arborescens Lam.	182	Shrub or Subshrub
woodland bittercress	Cardamine flexuosa With.	73	Forbs/Herbs
narrowleaf bittercress	Cardamine impatiens L.	196	Forbs/Herbs
balloonvine	Cardiospermum halicacabum L.	258	Vines
spiny plumeless thistle	Carduus acanthoides L.	387	Forbs/Herbs
curly plumeless thistle	Carduus crispus L.	31	Forbs/Herbs
musk thistle	Carduus nutans L.	1226	Forbs/Herbs
Italian plumeless thistle	Carduus pycnocephalus L.	71	Forbs/Herbs
plumeless thistle	Carduus spp. L.	771	Forbs/Herbs
slenderflower thistle	Carduus tenuiflorus W. Curtis	69	Forbs/Herbs
Japanese sedge	Carex kobomugi Ohwi	17	Grass or Grasslike
Long's sedge	Carex longii Mackenzie	355	Grass or Grasslike
hanging sedge	Carex pendula Huds.	5	Grass or Grasslike
papaya	Carica papaya L.	25	Hardwood Trees
natal-plum	Carissa macrocarpa (Ecklon) A. DC.	10	Shrub or Subshrub
carline thistle	Carlina vulgaris L.	3	Forbs/Herbs
sea fig	Carpobrotus chilensis (Molina) N.E. Br.	18	Forbs/Herbs
hottentot fig	Carpobrotus edulis (L.) N.E. Br	23	Shrub or Subshrub
woolly distaff thistle	Carthamus lanatus L.	40	Forbs/Herbs
Panama rubbertree	Castilla elastica Sessé	0	Hardwood Trees
field Indian paintbrush	Castilleja arvensis Cham. & Schlecht	4	Forbs/Herbs
river sheoak	Casuarina cunninghamiana Miq.	17	Hardwood Trees
Australian-pine	Casuarina equisetifolia L.	45	Hardwood Trees
gray sheoak	Casuarina glauca Sieb. ex Spreng	27	Hardwood Trees
southern catalpa	Catalpa bignonioides Walt.	608	Hardwood Trees
Chinese catalpa	Catalpa ovata G. Don	42	Hardwood Trees
northern catalpa	Catalpa speciosa (Warder) Warder ex Engelm.	713	Hardwood Trees
Madagascar periwinkle	Catharanthus roseus (L.) G. Don	52	Shrub or Subshrub
Mediterranean clone of caulerpa	Caulerpa taxifolia (Vahl) C. Agardth	2	Aquatic Plants
bushkiller	Cayratia japonica (Thunb.) Gagnepain	21	Vines
trumpet-tree	Cecropia obtusifolia Bertol.	3	Hardwood Trees
trumpet tree	Cecropia palmata Willd.	2	Hardwood Trees
Deodar cedar	Cedrus deodara (Roxb. ex D. Don) G. Don f.	7	Conifer Trees
oriental bittersweet	Celastrus orbiculatus Thunb.	590	Vines
Cenchrus ciliare L.	0	Grass or Grasslike
southern sandbur	Cenchrus echinatus L.	203	Grass or Grasslike
longspine sandbur	Cenchrus longispinus (Hack.) Fern	1168	Grass or Grasslike
crimson fountaingrass	Cenchrus setaceus (Forssk.) Morrone	1	Grass or Grasslike
purple starthistle	Centaurea calcitrapa L.	81	Forbs/Herbs
cornflower	Centaurea cyanus L.	674	Forbs/Herbs
meadow knapweed	Centaurea debeauxii Gren. & Godr. [excluded]	15	Forbs/Herbs
diffuse knapweed	Centaurea diffusa Lam.	328	Forbs/Herbs
brown knapweed	Centaurea jacea L.	252	Forbs/Herbs
bighead knapweed	Centaurea macrocephala Puschk. ex Willd.	32	Forbs/Herbs
Malta starthistle	Centaurea melitensis L.	166	Forbs/Herbs
black knapweed	Centaurea nigra L.	217	Forbs/Herbs
alpine knapweed	Centaurea nigrescens Willd	235	Forbs/Herbs
yellow starthistle	Centaurea solstitialis L.	339	Forbs/Herbs
knapweeds	Centaurea spp. L.	28	Forbs/Herbs
spotted knapweed	Centaurea stoebe ssp. micranthos (Gugler) Hayek	1191	Forbs/Herbs
squarrose knapweed	Centaurea virgata Lam.	48	Forbs/Herbs
meadow knapweed	Centaurea x moncktonii C. E. Britton[C. jacea X C. nigra]	45	Forbs/Herbs
European centaury	Centaurium erythraea Rafn	92	Forbs/Herbs
Asiatic pennywort	Centella asiatica (L.) Urban	4	Forbs/Herbs
red valerian	Centranthus ruber (L.) DC.	40	Forbs/Herbs
common mouse-ear chickweed	Cerastium fontanum Baumg.	1428	Forbs/Herbs
big chickweed	Cerastium fontanum ssp. vulgare (Hartman) Greuter & Burdet	1440	Forbs/Herbs
boreal chickweed	Cerastium tomentosum L.	61	Forbs/Herbs
bur buttercup	Ceratocephala testiculata (Crantz) Bess.	226	Forbs/Herbs
day jessamine	Cestrum diurnum L.	14	Hardwood Trees
night jessamine	Cestrum nocturnum L.	23	Hardwood Trees
sensitive partridgepea	Chamaecrista nictitans (L.) Moench	1042	Forbs/Herbs
Port Orford cedar	Chamaecyparis lawsoniana (A. Murr.) Parl.	30	Conifer Trees
Seifriz's chamaedorea	Chamaedorea seifrizii Burret	3	Hardwood Trees
garden spurge	Chamaesyce hirta (L.) Millsp.	117	Forbs/Herbs
greater celandine	Chelidonium majus L.	409	Forbs/Herbs
lambsquarters	Chenopodium album L	1958	Forbs/Herbs
nettleleaf goosefoot	Chenopodium murale L.	269	Forbs/Herbs
giantseed goosefoot	Chenopodium simplex (Torr.) Raf.	912	Forbs/Herbs
swollen fingergrass	Chloris barbata Sw.	14	Grass or Grasslike
rush skeletonweed	Chondrilla juncea L.	224	Forbs/Herbs
blue mustard	Chorispora tenella (Pallas) DC.	408	Forbs/Herbs
satinleaf	Chrysophyllum oliviforme L.	17	Hardwood Trees
chicory	Cichorium intybus L.	1394	Forbs/Herbs
quinine	Cinchona pubescens Vahl	2	Hardwood Trees
padang cassia	Cinnamomum burmannii (Nees & Th. Nees) Nees ex Blume	4	Hardwood Trees
camphortree	Cinnamomum camphora (L.) J. Presl	141	Hardwood Trees
Canada thistle	Cirsium arvense (L.) Scop.	1515	Forbs/Herbs
bull thistle	Cirsium vulgare (Savi) Ten.	1741	Forbs/Herbs
rock rose	Cistus creticus L.	12	Shrub or Subshrub
juniper berry	Citharexylum caudatum L.	4	Hardwood Trees
spiny fiddlewood	Citharexylum spinosum L.	9	Hardwood Trees
colocynth	Citrullus colocynthis (L.) Schrad.	1	Vines
trifoliate orange	Citrus trifoliata (L.) Raf.	250	Hardwood Trees
lime	Citrus x aurantiifolia (Christm.) Swingle	5	Hardwood Trees
sour orange	Citrus x aurantium L. (pro sp.) [maxima × reticulata]	49	Hardwood Trees
lemon	Citrus x limon (L.) Burm.	7	Hardwood Trees
orange	Citrus x sinensis (L.) Osbeck (pro sp.) [maxima × reticulata]	11	Hardwood Trees
oriental virginsbower	Clematis orientalis L.	25	Vines
sweet autumn virginsbower	Clematis terniflora DC	431	Vines
evergreen clematis	Clematis vitalba L.	40	Vines
rose glorybower	Clerodendrum bungei Steud.	35	Hardwood Trees
stickbush	Clerodendrum chinense (Osb.) Mabberley	14	Hardwood Trees
turk's turbin	Clerodendrum indicum (L.) Kuntze	71	Shrub or Subshrub
Japanese glorybower	Clerodendrum japonicum (Thunb.) Sweet	0	Shrub or Subshrub
Javanese glorybower	Clerodendrum speciosissimum Van Geert ex Morr.	12	Hardwood Trees
soapbush	Clidemia hirta (L.) D. Don	4	Shrub or Subshrub
wild basil	Clinopodium vulgare L.	0	Forbs/Herbs
ivy gourd	Coccinia grandis (L.) Voigt	8	Vines
coconut palm	Cocos nucifera Linnaeus	6	Palms
Arabian coffee	Coffea arabica L.	4	Hardwood Trees
star-mustard	Coincya monensis (L.) Greuter & Burdet	49	Forbs/Herbs
Job's tears	Coix lacryma-jobi L.	23	Grass or Grasslike
coco yam, wild taro	Colocasia esculenta (L.) Schott	188	Forbs/Herbs
Asian nakedwood	Colubrina asiatica (L.) Brongn.	13	Hardwood Trees
bladder senna	Colutea arborescens L.	48	Hardwood Trees
Benghal dayflower	Commelina benghalensis L.	33	Forbs/Herbs
Asiatic dayflower	Commelina communis L.	1156	Forbs/Herbs
narrow-leaved iceplant	Conicosia pugioniformis (L.) N.E. Br	5	Shrub or Subshrub
poison-hemlock	Conium maculatum L.	1225	Forbs/Herbs
lily of the valley	Convallaria majalis L.	371	Forbs/Herbs
field bindweed	Convolvulus arvensis L.	1698	Vines
hairy fleabane	Conyza bonariensis (L.) Cronquist	211	Forbs/Herbs
red manjack	Cordia collococca L.	0	Hardwood Trees
cabbage tree	Cordyline australis (G. Forst.) Endl.	4	Hardwood Trees
American bugseed	Corispermum americanum var. rydbergii Mosyakin	45	Forbs/Herbs
shiny bugseed	Corispermum nitidum Kit. ex J.A. Schultes	0	Forbs/Herbs
lesser swinecress	Coronopus didymus (L.) Sm.	347	Forbs/Herbs
purple pampasgrass	Cortaderia jubata (Lem.) Stapf	37	Grass or Grasslike
Uruguayan pampas grass	Cortaderia selloana (Schult. & Schult. f.) Asch. & Graebn.	120	Grass or Grasslike
common filbert	Corylus avellana L.	14	Hardwood Trees
karaka nut	Corynocarpus laevigatus J.R. & G. Forst.	4	Hardwood Trees
canereed	Costus speciosus (Koenig) Sm.	4	Forbs/Herbs
milkflower cotoneaster	Cotoneaster coriaceus Franch.	16	Shrub or Subshrub
orange cotoneaster	Cotoneaster franchetii Boiss.	21	Shrub or Subshrub
silverleaf cotoneaster	Cotoneaster pannosus Franch.	20	Shrub or Subshrub
cotoneaster	Cotoneaster spp. Medik.	4	Shrub or Subshrub
southern brassbuttons	Cotula australis (Sieber) Hook. f.	41	Forbs/Herbs
brassbuttons	Cotula coronopifolia L.	64	Forbs/Herbs
redflower ragleaf	Crassocephalum crepidioides (Benth.) S. Moore	10	Forbs/Herbs
common hawthorn	Crataegus monogyna Jacq.	152	Hardwood Trees
Washington hawthorn	Crataegus phaenopyrum (L. f.) Medik.	0	Shrub or Subshrub
smooth hawksbeard	Crepis capillaris (L.) Wallr	275	Forbs/Herbs
narrowleaf hawksbeard	Crepis tectorum L.	210	Forbs/Herbs
montbretia	Crocosmia x crocosmiiflora (V. Lemoine) N.E. Br. [aurea × pottsii]	32	Forbs/Herbs
smooth crotalaria	Crotalaria pallida Aiton	119	Shrub or Subshrub
showy rattlebox	Crotalaria spectabilis Roth	273	Forbs/Herbs
smooth bedstraw	Cruciata laevipes Opiz	1	Forbs/Herbs
piedmont bedstraw	Cruciata pedemontana (Bellardi) Ehrend.	232	Forbs/Herbs
common crupina	Crupina vulgaris Cass.	25	Forbs/Herbs
Japanese cedar	Cryptomeria japonica (L. f.) D. Don	5	Conifer Trees
Palay rubbervine	Cryptostegia grandiflora (Roxb. ex R. Br.) R. Br.	3	Vines
Madagascar rubbervine	Cryptostegia madagascariensis Bojer ex Dcne.	10	Vines
Chinese fir	Cunninghamia lanceolata (Lamb.) Hook.	22	Conifer Trees
carrotwood	Cupaniopsis anacardioides (A. Rich.) Radlk.	23	Hardwood Trees
tarweed cuphea	Cuphea carthagenensis (Jacq.) J.F. Macbr.	206	Forbs/Herbs
Arizona cypress	Cupressus arizonica Greene	32	Conifer Trees
Monterey cypress	Cupressus macrocarpa Hartw. ex Gord.	5	Conifer Trees
smallseed alfalfa dodder	Cuscuta approximata Bab.	73	Vines
clover dodder	Cuscuta epithymum (L.) L.	113	Vines
Japanese dodder	Cuscuta japonica Choisy	16	Vines
little ironweed	Cyanthillium cinereum (L.) H.E. Robins.	18	Forbs/Herbs
Cooper's cyathea	Cyathea cooperi (Hook. ex F. Muell.) Domin	5	Hardwood Trees
downy maiden fern	Cyclosorus dentatus (Forssk.) Ching	87	Palms
Kenilworth ivy	Cymbalaria muralis P.G. Gaertn., B. Mey. & Scherb.	3	Forbs/Herbs
cardoon	Cynara cardunculus L.	47	Forbs/Herbs
bermudagrass	Cynodon dactylon (L.) Pers	1130	Grass or Grasslike
houndstongue	Cynoglossum officinale L.	859	Forbs/Herbs
hedgehog dogtailgrass	Cynosurus echinatus L.	131	Grass or Grasslike
deeprooted sedge	Cyperus entrerianus Boeckl.	58	Grass or Grasslike
yellow nutsedge	Cyperus esculentus L.	1506	Grass or Grasslike
haspan flatsedge	Cyperus haspan L.	269	Grass or Grasslike
umbrella plant	Cyperus involucratus Rottb	68	Grass or Grasslike
rice flatsedge	Cyperus iria L.	426	Grass or Grasslike
Asian flatsedge	Cyperus microiria Steud.	21	Grass or Grasslike
miniature flatsedge	Cyperus prolifer Lam	13	Grass or Grasslike
purple nutsedge	Cyperus rotundus L.	431	Grass or Grasslike
Japanese netvein hollyfern	Cyrtomium falcatum (L. f.) C. Presl	39	Forbs/Herbs
Scotch broom	Cytisus scoparius (L.) Link	295	Shrub or Subshrub
striated broom	Cytisus striatus (Hill) Rothm	11	Shrub or Subshrub
orchardgrass	Dactylis glomerata L.	1696	Grass or Grasslike
crowfootgrass	Dactyloctenium aegyptium (L.) Willd	320	Grass or Grasslike
Indian rosewood	Dalbergia sissoo Roxb. ex DC.	18	Hardwood Trees
spurgelaurel	Daphne laureola L.	23	Hardwood Trees
February daphne	Daphne mezereum L.	52	Shrub or Subshrub
jimsonweed	Datura stramonium L.	1264	Forbs/Herbs
Queen Anne's lace, wild carrot	Daucus carota L.	1727	Forbs/Herbs
cape ivy	Delairea odorata Lem	26	Forbs/Herbs
Japanese false spleenwort	Deparia petersenii (Kunze) M. Kato	29	Forbs/Herbs
flixweed	Descurainia sophia (L.) Webb ex Prantl	824	Forbs/Herbs
creeping beggarweed	Desmodium incanum DC.	57	Shrub or Subshrub
Hawai'i ticktrefoil	Desmodium sandwicense E. Mey.	4	Shrub or Subshrub
threeflower beggarweed	Desmodium triflorum (L.) DC.	44	Forbs/Herbs
fuzzy pride-of-Rochester	Deutzia scabra Thunb.	56	Shrub or Subshrub
Deptford pink	Dianthus armeria L.	1175	Forbs/Herbs
Grecian foxglove	Digitalis lanata Ehrh.	34	Forbs/Herbs
foxglove	Digitalis purpurea L.	160	Forbs/Herbs
southern crabgrass	Digitaria ciliaris (Retz.) Koel	656	Grass or Grasslike
pangolagrass	Digitaria eriantha Steud.	35	Grass or Grasslike
sourgrass	Digitaria insularis (L.) Mez ex Ekman	47	Grass or Grasslike
large crabgrass	Digitaria sanguinalis (L.) Scop	1658	Grass or Grasslike
East Indian crabgrass	Digitaria setigera Roth ex Roemer & J.A. Schultes	6	Grass or Grasslike
violet crabgrass	Digitaria violascens Link	246	Grass or Grasslike
winged yam	Dioscorea alata L.	39	Vines
air-potato	Dioscorea bulbifera L.	94	Vines
Chinese yam	Dioscorea polystachya Turcz.	449	Vines
common teasel	Dipsacus fullonum L.	790	Forbs/Herbs
cutleaf teasel	Dipsacus laciniatus L.	301	Forbs/Herbs
Fuller's teasel	Dipsacus sativus (L.) Honckeny	30	Forbs/Herbs
stinkwort	Dittrichia graveolens (L.) W. Greuter	31	Forbs/Herbs
spring whitlowgrass	Draba verna L.	813	Forbs/Herbs
heartleaf drymary	Drymaria cordata (L.) Willd. ex J.A. Schultes	61	Forbs/Herbs
mexicantea	Dysphania ambrosioides (L.) Mosyakin & Clemants	1157	Forbs/Herbs
clammy goosefoot	Dysphania pumilio (R. Br.) Mosyakin & Clemants	164	Forbs/Herbs
junglerice	Echinochloa colona (L.) Link	471	Grass or Grasslike
barnyardgrass	Echinochloa crus-galli (L.) Beauv	1951	Grass or Grasslike
pride of Madeira	Echium candicans L. f.	12	Shrub or Subshrub
common viper's bugloss	Echium vulgare L.	581	Forbs/Herbs
eclipta	Eclipta prostrata (L.) L.	1250	Forbs/Herbs
Brazilian waterweed	Egeria densa Planch.	402	Aquatic Plants
perennial veldtgrass	Ehrharta calycina Sm.	17	Grass or Grasslike
panic veldtgrass	Ehrharta erecta Lam.	21	Grass or Grasslike
longflowered veldtgrass	Ehrharta longiflora Sm.	3	Grass or Grasslike
common water hyacinth	Eichhornia crassipes (Mart.) Solms	486	Aquatic Plants
Russian olive	Elaeagnus angustifolia L.	728	Shrub or Subshrub
cherry silverberry	Elaeagnus multiflora Thunb.	20	Shrub or Subshrub
thorny olive	Elaeagnus pungens Thunb.	230	Shrub or Subshrub
autumn olive	Elaeagnus umbellata Thunb.	1054	Shrub or Subshrub
autumn olive	Elaeagnus umbellata var. parvifolia (Wall. ex Royle) C.K. Schneid.	336	Shrub or Subshrub
goosegrass	Eleusine indica (L.) Gaertn.	1537	Grass or Grasslike
five-leaf aralia	Eleutherococcus sieboldianus (Makino.) Koidz.	30	Shrub or Subshrub
crested latesummer mint	Elsholtzia ciliata (Thunb.) Hyl.	31	Forbs/Herbs
quackgrass	Elymus repens (L.) Gould	1379	Grass or Grasslike
spiny emex	Emex spinosa (Linnaeus) Campdera	10	Forbs/Herbs
Cupid's-shaving-brush	Emilia fosbergii D.H. Nicols.	45	Forbs/Herbs
lilac tasselflower	Emilia sonchifolia var. sonchifolia (L.) DC.	35	Forbs/Herbs
Epidendrum ×obrienianum	Epidendrum x obrienianum Rolfe [evectum × ibaguense]	4	Forbs/Herbs
aboriginal willowherb	Epilobium billardierianum ssp. cinereum (A. Rich.) P.H. Raven & Engelhorn	4	Forbs/Herbs
hairy willowherb	Epilobium hirsutum L.	188	Forbs/Herbs
helleborine	Epipactis helleborine (L.) Crantz	281	Forbs/Herbs
centipede tongavine	Epipremnum pinnatum (L.) Engl	25	Vines
golden pothos	Epipremnum pinnatum cv. aureum (L.) Engl	0	Vines
stinkgrass	Eragrostis cilianensis (All.) Vign. ex Janchen	1579	Grass or Grasslike
Cuming's lovegrass	Eragrostis cumingii Steud.	19	Grass or Grasslike
weeping lovegrass	Eragrostis curvula (Schrad.) Nees	373	Grass or Grasslike
Lehmann lovegrass	Eragrostis lehmanniana Nees	70	Grass or Grasslike
cutleaf burnweed	Erechtites glomeratus (Desf. ex Poir.) DC.	21	Forbs/Herbs
American burnweed	Erechtites hieraciifolius (L.) Raf. ex DC.	1463	Forbs/Herbs
Australian burnweed	Erechtites minimus (Poir.) DC	28	Forbs/Herbs
tropical burnweed	Erechtites valerianifolius (Spreng.) DC.	4	Forbs/Herbs
Scots heath	Erica cinerea L.	1	Shrub or Subshrub
Spanish heath	Erica lusitanica K. Rudolphi	20	Shrub or Subshrub
crossleaf heath	Erica tetralix L.	11	Shrub or Subshrub
Canadian horseweed	Erigeron canadensis L.	2405	Forbs/Herbs
loquat	Eriobotrya japonica (Thunb.) Lindl	34	Hardwood Trees
tropical cupgrass	Eriochloa fatmensis (Hochst. & Steud.) W.D. Clayton	2	Grass or Grasslike
redstem filaree	Erodium cicutarium (L.) L'Hér. ex Ait.	803	Forbs/Herbs
Indian coralbean	Erythrina variegata L.	0	Hardwood Trees
river redgum	Eucalyptus camaldulensis Dehnhardt	18	Hardwood Trees
Tasmanian bluegum	Eucalyptus globulus Labill.	28	Hardwood Trees
redbox	Eucalyptus polyanthemos Schauer	8	Hardwood Trees
swampmahogany	Eucalyptus robusta Sm.	10	Hardwood Trees
black peppermint	Eucalyptus salicifolia (Sol.) Cav.	2	Hardwood Trees
forest redgum	Eucalyptus tereticornis Sm.	17	Hardwood Trees
father-and-child plant	Euchiton japonicus (Thunb.) A. Anderb.	10	Forbs/Herbs
Surinam cherry	Eugenia uniflora L.	28	Shrub or Subshrub
Eulophia ground orchid	Eulophia graminea Lindl.	11	Forbs/Herbs
winged burning bush	Euonymus alatus (Thunb.) Sieb.	433	Shrub or Subshrub
European spindletree	Euonymus europaeus L.	125	Shrub or Subshrub
winter creeper	Euonymus fortunei (Turcz.) Hand.-Maz.	405	Vines
cypress spurge	Euphorbia cyparissias L.	851	Forbs/Herbs
leafy spurge	Euphorbia esula L.	975	Forbs/Herbs
spotted spurge	Euphorbia maculata (L.) Small	1902	Forbs/Herbs
eggleaf spurge	Euphorbia oblongata Griseb	39	Forbs/Herbs
petty spurge	Euphorbia peplus L.	198	Forbs/Herbs
poinsettia	Euphorbia pulcherrima Willd. ex Klotzsch	1	Hardwood Trees
Geraldton carnation weed	Euphorbia terracina L.	3	Forbs/Herbs
hawk's eye	Euryops multifidus (Thunb.) DC.	4	Shrub or Subshrub
common pearlbrush	Exochorda racemosa (Lindl.) Rehd.	25	Shrub or Subshrub
peacocksplume	Falcataria moluccana (Miquel) Barneby & Grimes	4	Hardwood Trees
Chinese fleecevine	Fallopia baldschuanica (Regel) Holub	31	Shrub or Subshrub
wild buckwheat	Fallopia convolvulus L.	1518	Vines
mulberryweed	Fatoua villosa (Thunb.) Nakai	141	Forbs/Herbs
tall fescue	Festuca arundinacea Schreb.	1436	Grass or Grasslike
meadow fescue	Festuca pratensis Huds.	1360	Grass or Grasslike
red fescue	Festuca rubra L.	646	Grass or Grasslike
sheep fescue	Festuca trachyphylla (Hack.) Krajina nom. illeg.	396	Grass or Grasslike
lesser celandine, fig buttercup	Ficaria verna Huds.	142	Forbs/Herbs
council tree	Ficus altissima Blume	4	Hardwood Trees
edible fig	Ficus carica L.	127	Hardwood Trees
Indian rubberplant	Ficus elastica Roxb.	1	Hardwood Trees
Chinese banyan	Ficus microcarpa L. f.	18	Hardwood Trees
queen-of-the-meadow	Filipendula ulmaria (L.) Maxim.	87	Forbs/Herbs
Chinese parasoltree	Firmiana simplex (L.) W. Wight	86	Shrub or Subshrub
governor's plum	Flacourtia indica (Burm. f.) Merr	6	Shrub or Subshrub
Queensland maple	Flindersia brayleyana F. Muell.	4	Hardwood Trees
fennel	Foeniculum vulgare P. Mill.	240	Forbs/Herbs
beach strawberry	Fragaria chiloensis (L.) P. Mill.	54	Forbs/Herbs
woodland strawberry	Fragaria vesca L.	807	Forbs/Herbs
woodland strawberry	Fragaria vesca ssp. vesca L.	141	Forbs/Herbs
glossy buckthorn	Frangula alnus Mill.	392	Shrub or Subshrub
shamel ash	Fraxinus uhdei (Wenzig) Lingelsh	9	Hardwood Trees
slender snakecotton	Froelichia gracilis (Hook.) Moq.	639	Forbs/Herbs
Mauritius hemp	Furcraea foetida (L.) Haw	6	Shrub or Subshrub
firewheel	Gaillardia pulchella Foug.	1	Forbs/Herbs
goatsrue	Galega officinalis L.	27	Forbs/Herbs
smallflower galinsoga	Galinsoga parviflora Cav.	255	Forbs/Herbs
hairy galinsoga	Galinsoga quadriradiata Cav	836	Forbs/Herbs
smooth bedstraw	Galium mollugo L.	390	Forbs/Herbs
sweetscented bedstraw	Galium odoratum (L.) Scop.	24	Forbs/Herbs
yellow bedstraw	Galium verum L.	284	Forbs/Herbs
purple cudweed	Gamochaeta purpurea (L.) Cabrera	1099	Forbs/Herbs
blue lawngrass	Garnotia stricta Brongn.	4	Grass or Grasslike
nit grass	Gastridium phleoides (Nees & Meyen) C.E. Hubbard	65	Grass or Grasslike
Mediterranean broom	Genista linifolia L.	5	Shrub or Subshrub
French broom	Genista monspessulana (L.) L. Johnson	42	Shrub or Subshrub
Dyer's greenweed	Genista tinctoria L.	29	Shrub or Subshrub
longstalk cranesbill	Geranium columbinum L.	184	Forbs/Herbs
cutleaf geranium	Geranium dissectum L.	307	Forbs/Herbs
Australasian geranium	Geranium homeanum Turcz.	4	Forbs/Herbs
shining geranium	Geranium lucidum L.	23	Forbs/Herbs
dovefoot geranium	Geranium molle L.	38	Forbs/Herbs
herb-robert	Geranium robertianum L.	310	Forbs/Herbs
Thunberg's geranium	Geranium thunbergii Sieb. & Zucc. ex Lindl. & Paxton	14	Forbs/Herbs
herb bennet	Geum urbanum L.	3	Forbs/Herbs
bluehead gilia	Gilia capitata Sims	107	Forbs/Herbs
crowndaisy	Glebionis coronaria (L.) Tzvelev	24	Forbs/Herbs
ground ivy	Glechoma hederacea L.	1345	Forbs/Herbs
waxy mannagrass	Glyceria declinata Brébiss.	42	Grass or Grasslike
kahiliflower	Grevillea banksii R. Br.	4	Hardwood Trees
silkoak	Grevillea robusta A. Cunningham ex R. Br.	17	Hardwood Trees
babysbreath	Gypsophila paniculata L.	229	Forbs/Herbs
garden baby's-breath	Gypsophila scorzonerifolia Ser.	33	Forbs/Herbs
bloodwoodtree	Haematoxylum campechianum L.	2	Hardwood Trees
halogeton	Halogeton glomeratus (Bieb.) C.A. Mey.	125	Forbs/Herbs
Algerian ivy	Hedera canariensis Willd.	7	Vines
English ivy	Hedera helix L.	665	Vines
Atlantic Ivy	Hedera hibernica (Kirchn.) Bean.	1	Vines
white garland-lily	Hedychium coronarium Koenig	20	Forbs/Herbs
cream garland-lily	Hedychium flavescens Carey ex Roscoe	5	Forbs/Herbs
Kahila garland-lily	Hedychium gardnerianum Shepard ex Ker-Gawl.	4	Forbs/Herbs
Texas blueweed	Helianthus ciliaris DC.	142	Forbs/Herbs
prairie sunflower	Helianthus petiolaris Nutt.	703	Forbs/Herbs
strawflower	Helichrysum petiolare Hilliard & Burtt	3	Shrub or Subshrub
white moho	Heliocarpus popayanensis Kunth	4	Hardwood Trees
bristly oxtongue	Helminthotheca echioides (L.) Holub	58	Forbs/Herbs
limpograss	Hemarthria altissima (Poir.) Stapf & C.E. Hubbard	34	Grass or Grasslike
tawny daylily	Hemerocallis fulva (L.) L.	1017	Forbs/Herbs
yellow daylily	Hemerocallis lilioasphodelus L.	76	Forbs/Herbs
giant hogweed	Heracleum mantegazzianum Sommier & Levier	339	Forbs/Herbs
dames rocket	Hesperis matronalis L.	1017	Forbs/Herbs
pearlflower	Heterocentron subtriplinervium (Link & Otto) A. Braun & Bouché	4	Shrub or Subshrub
telegraph weed	Heterotheca grandiflora Nutt.	48	Forbs/Herbs
rose of Sharon	Hibiscus syriacus L.	315	Hardwood Trees
sea hibiscus	Hibiscus tiliaceus L.	1	Forbs/Herbs
Venice mallow	Hibiscus trionum L.	818	Forbs/Herbs
orange hawkweed	Hieracium aurantiacum L.	509	Forbs/Herbs
meadow hawkweed	Hieracium caespitosum Dumort.	574	Forbs/Herbs
Canadian hawkweed	Hieracium canadense Michx.	16	Forbs/Herbs
mouseear hawkweed	Hieracium pilosella L.	241	Forbs/Herbs
kingdevil hawkweed	Hieracium piloselloides Vill.	279	Forbs/Herbs
Barbados lily	Hippeastrum puniceum (Lam.) Kuntze	0	Forbs/Herbs
shortpod mustard	Hirschfeldia incana (L.) Lagrèze-Fossat	54	Forbs/Herbs
common velvetgrass	Holcus lanatus L.	772	Grass or Grasslike
German velvetgrass	Holcus mollis L.	36	Grass or Grasslike
seaside barley	Hordeum marinum Huds.	124	Grass or Grasslike
mouse barley	Hordeum murinum L.	251	Grass or Grasslike
smooth barley	Hordeum murinum ssp. glaucum (Steud.) Tzvelev	113	Grass or Grasslike
leporinum barley	Hordeum murinum ssp. leporinum (Link) Arcang.	179	Grass or Grasslike
chameleon-plant	Houttuynia cordata Thunb.	3	Forbs/Herbs
Japanese hop	Humulus japonicus Siebold & Zucc.	427	Vines
Mexican tulip poppy	Hunnemannia fumariifolia Sweet	2	Forbs/Herbs
Hispanic hyacinthoides	Hyacinthoides hispanica (Mill.) Rothm.	6	Forbs/Herbs
panicled hydrangea	Hydrangea paniculata Sieb.	35	Shrub or Subshrub
hydrilla	Hydrilla verticillata (L. f.) Royle	472	Aquatic Plants
European frog-bit	Hydrocharis morsus-ranae L.	191	Aquatic Plants
whorled pennywort	Hydrocotyle verticillata Thunb.	447	Forbs/Herbs
miramar weed	Hygrophila polysperma (Roxb.) T. Anders.	21	Forbs/Herbs
West Indian marsh grass	Hymenachne amplexicaulis (Rudge) Nees	25	Grass or Grasslike
black henbane	Hyoscyamus niger L.	219	Forbs/Herbs
jaraguagrass	Hyparrhenia rufa (Nees) Stapf	20	Grass or Grasslike
Aaron's beard	Hypericum calycinum L.	4	Shrub or Subshrub
Canary Island St. Johnswort	Hypericum canariense L.	7	Shrub or Subshrub
common St. Johnswort	Hypericum perforatum L.	1333	Forbs/Herbs
smooth cat's ear	Hypochaeris glabra L.	179	Forbs/Herbs
hairy cat's ear	Hypochaeris radicata L.	567	Forbs/Herbs
English holly	Ilex aquifolium L.	51	Hardwood Trees
Chinese holly	Ilex cornuta Lindl. & Paxton	23	Hardwood Trees
Japanese holly	Ilex crenata Thunb.	31	Hardwood Trees
Himalayan balsam	Impatiens glandulifera Royle	142	Forbs/Herbs
cogongrass	Imperata cylindrica (L.) Beauv.	249	Grass or Grasslike
anil de pasto	Indigofera suffruticosa P. Mill.	57	Shrub or Subshrub
elecampane	Inula helenium L.	333	Forbs/Herbs
moonflower	Ipomoea alba L.	39	Vines
swamp morning-glory	Ipomoea aquatica Forssk.	18	Vines
gloria de la manana	Ipomoea carnea ssp. fistulosa (Mart. ex Choisy) D. Austin	19	Shrub or Subshrub
red morning-glory	Ipomoea coccinea L.	437	Vines
tievine	Ipomoea cordatotriloba var. cordatotriloba Dennst.	238	Vines
ivyleaf morning-glory	Ipomoea hederacea Jacq.	986	Vines
pitted morning-glory	Ipomoea lacunosa L.	782	Vines
tall morning-glory	Ipomoea purpurea (L.) Roth	908	Vines
yellow iris	Iris pseudacorus L.	626	Aquatic Plants
Dyer's woad	Isatis tinctoria L.	160	Forbs/Herbs
tansy ragwort	Jacobaea vulgaris Gaertn.	127	Forbs/Herbs
smallflower morningglory	Jacquemontia tamnifolia (L.) Griseb.	254	Vines
Gold Coast jasmine	Jasminum dichotomum Vahl	10	Vines
Brazilian jasmine	Jasminum fluminense Vell.	12	Vines
star jasmine	Jasminum multiflorum (Burm. f.) Andr.	9	Vines
Arabian jasmine	Jasminum sambac (L.) Ait.	6	Vines
swordleaf rush	Juncus ensifolius Wikstr.	314	Grass or Grasslike
broadleaf rush	Juncus planifolius R. Br.	8	Grass or Grasslike
eastern redcedar	Juniperus virginiana L.	2284	Conifer Trees
chandelier plant	Kalanchoe delagoensis Ecklon & Zeyh.	27	Forbs/Herbs
cathedral bells	Kalanchoe pinnata (Lam.) Pers.	24	Shrub or Subshrub
castor aralia	Kalopanax septemlobus (Thunb.) Koidz	6	Hardwood Trees
Japanese rose	Kerria japonica (L.) DC.	41	Shrub or Subshrub
redhot poker	Kniphofia uvaria (L.) Oken	6	Forbs/Herbs
flamegold	Koelreuteria elegans ssp. formosana (Hayata) F.G. Mey.	36	Hardwood Trees
goldenrain tree	Koelreuteria paniculata Laxm.	102	Hardwood Trees
Korean lespedeza	Kummerowia stipulacea (Maxim.) Makino	690	Forbs/Herbs
common lespedeza	Kummerowia striata (Thunb.) Schindl.	784	Forbs/Herbs
burgan	Kunzea ericoides (A. Rich.) J. Thomp.	0	Hardwood Trees
green kyllinga	Kyllinga brevifolia Rottb.	159	Grass or Grasslike
false green kyllinga	Kyllinga gracillima Miq.	113	Grass or Grasslike
white kyllinga	Kyllinga nemoralis (J.R. Forst. & G. Forst.) Dandy ex Hutch. & Dalziel	4	Grass or Grasslike
tall lettuce	Lactuca canadensis L.	1685	Forbs/Herbs
lettuce	Lactuca sativa L.	95	Forbs/Herbs
prickly lettuce	Lactuca serriola L.	1817	Forbs/Herbs
lettuce	Lactuca spp. N/A	0	Forbs/Herbs
blue lettuce	Lactuca tatarica (L.) C.A. Mey.	543	Forbs/Herbs
crapemyrtle	Lagerstroemia indica L.	167	Hardwood Trees
henbit	Lamium amplexicaule L.	1506	Forbs/Herbs
yellow archangel	Lamium galeobdolon (L.) Crantz	54	Forbs/Herbs
spotted deadnettle	Lamium maculatum L.	140	Forbs/Herbs
purple deadnettle	Lamium purpureum L.	925	Forbs/Herbs
dotted duckmeat	Landoltia punctata (G.F.W. Mey.) D.H. Les & D.J. Crawford	275	Forbs/Herbs
largeleaf lantana	Lantana camara L.	200	Shrub or Subshrub
weeping lantana	Lantana montevidensis (Spreng.) Briq.	49	Shrub or Subshrub
nipplewort	Lapsana communis L.	295	Forbs/Herbs
everlasting peavine	Lathyrus latifolius L.	846	Vines
flat peavine	Lathyrus sylvestris L.	5	Forbs/Herbs
common duckweed	Lemna minor L.	1243	Aquatic Plants
lesser hawkbit	Leontodon saxatilis ssp. saxatilis L.	107	Forbs/Herbs
lesser hawkbit	Leontodon taraxacoides ssp. taraxacoides L.	5	Forbs/Herbs
motherwort	Leonurus cardiaca L.	1006	Forbs/Herbs
hairy whitetop	Lepidium appelianum Al-Shehbaz	165	Forbs/Herbs
field pepperweed	Lepidium campestre (L.) Ait. f.	972	Forbs/Herbs
orbicular whitetop	Lepidium chalepense L.	176	Forbs/Herbs
hoary cress	Lepidium draba (L.) Desv	591	Forbs/Herbs
perennial pepperweed	Lepidium latifolium L.	287	Forbs/Herbs
clasping pepperweed	Lepidium perfoliatum L.	338	Forbs/Herbs
Virginia pepperweed	Lepidium virginicum L.	1963	Forbs/Herbs
broom teatree	Leptospermum scoparium J.R. & G. Forst.	4	Hardwood Trees
lepyrodiclis	Lepyrodiclis holosteoides (C.A. Mey.) Fenzl ex Fisch. & C.A. Mey.	3	Forbs/Herbs
shrubby lespedeza	Lespedeza bicolor Turcz.	669	Shrub or Subshrub
sericea lespedeza	Lespedeza cuneata (Dum.-Cours.) G. Don	1224	Shrub or Subshrub
Thunberg lespedeza	Lespedeza thunbergii (DC.) Nakai	61	Forbs/Herbs
white leadtree	Leucaena leucocephala (Lam.) de Wit	50	Hardwood Trees
oxeye daisy	Leucanthemum vulgare Lam.	1741	Forbs/Herbs
summer snowflake	Leucojum aestivum L.	71	Forbs/Herbs
Amur privet	Ligustrum amurense Carrière	31	Shrub or Subshrub
Japanese privet	Ligustrum japonicum Thunb.	185	Shrub or Subshrub
glossy privet	Ligustrum lucidum W.T. Aiton	182	Shrub or Subshrub
border privet	Ligustrum obtusifolium Sieb. & Zucc.	275	Shrub or Subshrub
Border Privet	Ligustrum obtusifolium var. obtusifolium Sieb.& Zucc.	0	Shrub or Subshrub
California privet	Ligustrum ovalifolium Hassk.	71	Shrub or Subshrub
waxyleaf privet	Ligustrum quihoui Carr.	24	Shrub or Subshrub
Chinese privet	Ligustrum sinense Lour.	840	Shrub or Subshrub
European privet	Ligustrum vulgare L.	436	Shrub or Subshrub
limnophila	Limnophila sessiliflora (Vahl) Blume	22	Forbs/Herbs
Dalmatian toadflax	Linaria dalmatica (L.) P. Mill.	385	Forbs/Herbs
broomleaf toadflax	Linaria genistifolia (L.) P. Mill.	63	Forbs/Herbs
yellow toadflax	Linaria vulgaris P. Mill.	1362	Forbs/Herbs
pale flax	Linum bienne Mill.	18	Forbs/Herbs
monkeygrass	Liriope muscari (Dcne.) Bailey	22	Forbs/Herbs
creeping liriope	Liriope spicata (Thunb.) Lour.	22	Forbs/Herbs
fountain palm	Livistona chinensis (Jacq.) R. Br. ex Mart.	14	Hardwood Trees
Chinese lobelia	Lobelia chinensis Lour.	2	Forbs/Herbs
sweet alyssum	Lobularia maritima (L.) Desv.	157	Forbs/Herbs
perennial ryegrass	Lolium perenne L.	1597	Grass or Grasslike
ryegrass	Lolium spp. L.	0	Grass or Grasslike
Italian woodbine	Lonicera caprifolium L.	5	Vines
Etruscan honeysuckle	Lonicera etrusca Santi	9	Vines
sweet breath of spring	Lonicera fragrantissima Lindl. & Paxton	90	Shrub or Subshrub
Japanese honeysuckle	Lonicera japonica Thunb.	1710	Vines
Amur honeysuckle	Lonicera maackii (Rupr.) Herder	599	Shrub or Subshrub
Morrow's honeysuckle	Lonicera morrowii Gray	611	Shrub or Subshrub
woodbine	Lonicera periclymenum L.	8	Vines
Standish's honeysuckle	Lonicera standishii Jacques	17	Shrub or Subshrub
Tatarian honeysuckle	Lonicera tatarica L.	645	Shrub or Subshrub
showy fly honeysuckle, Bell's honeysuckle	Lonicera x bella Zabel [morrowii × tatarica]	431	Shrub or Subshrub
dwarf honeysuckle	Lonicera xylosteum L.	115	Shrub or Subshrub
vinegartree	Lophostemon confertus (R. Br.) P.G. Wilson & Waterhouse	4	Hardwood Trees
birdsfoot trefoil	Lotus corniculatus L.	939	Forbs/Herbs
big trefoil	Lotus pedunculatus Cav.	3	Forbs/Herbs
hairy bird's-foot trefoil	Lotus subbiflorus Lag.	2	Forbs/Herbs
water primrose	Ludwigia grandiflora ssp. hexapetala (Hook. & Arn.) Nesom & Kartesz	70	Forbs/Herbs
longfruited primrose-willow	Ludwigia octovalvis (Jacq.) Raven	148	Shrub or Subshrub
waterpurslane	Ludwigia palustris (L.) Ell.	1469	Forbs/Herbs
creeping waterprimrose	Ludwigia peploides (Kunth) Raven	577	Forbs/Herbs
floating primrose-willow	Ludwigia peploides ssp. montevidensis (Spreng.) P.H. Raven	13	Forbs/Herbs
primrose-willow	Ludwigia peruviana (L.) Hara	68	Forbs/Herbs
Uruguay waterprimrose	Ludwigia uruguayensis Camb.) Hara	4	Shrub or Subshrub
black mangrove	Lumnitzera racemosa Willd.	1	Shrub or Subshrub
annual honesty	Lunaria annua L.	248	Forbs/Herbs
watergrass	Luziola subintegra Swallen	3	Grass or Grasslike
oakforest woodrush	Luzula luzuloides (Lam.) Dandy & Wilmott	16	Grass or Grasslike
Japanese climbing fern	Lygodium japonicum (Thunb. ex Murr.) Sw.	363	Vines
old world climbing fern	Lygodium microphyllum (Cav.) R. Br.	38	Vines
creeping yellow loosestrife, creeping Jenney	Lysimachia nummularia L.	947	Forbs/Herbs
garden loosestrife	Lysimachia vulgaris L.	139	Forbs/Herbs
hyssop loosestrife	Lythrum hyssopifolia L.	91	Forbs/Herbs
purple loosestrife	Lythrum salicaria L.	1390	Aquatic Plants
European wand loosestrife	Lythrum virgatum L.	6	Forbs/Herbs
catclaw-vine	Macfadyena unguis-cati (L.) A.H. Gentry	46	Vines
osage-orange	Maclura pomifera (Raf.) Schneid.	1027	Hardwood Trees
wild bushbean	Macroptilium lathyroides (L.) Urb.	41	Forbs/Herbs
swordfern	Macrothelypteris torresiana (Gaud.) Ching	195	Forbs/Herbs
coast tarweed	Madia sativa Molina	92	Forbs/Herbs
leatherleaf mahonia	Mahonia bealei (Fortune) Carr.	59	Shrub or Subshrub
Oregon grape	Mahonia nervosa (Pursh) Nutt	77	Shrub or Subshrub
Siberian crabapple	Malus baccata (L.) Borkh.	56	Hardwood Trees
Japanese flowering crabapple	Malus floribunda Sieb. Ex Van Houtte	20	Hardwood Trees
plumleaf crabapple	Malus prunifolia (Willd.) Borkh.	34	Hardwood Trees
paradise apple	Malus pumila P. Mill.	709	Hardwood Trees
European crabapple	Malus sylvestris P. Mill.	1	Hardwood Trees
common mallow	Malva neglecta Wallr.	1174	Forbs/Herbs
little mallow	Malva parviflora L.	186	Forbs/Herbs
threelobe false mallow	Malvastrum coromandelianum (L.) Garcke	78	Forbs/Herbs
mazapan	Malvaviscus penduliflorus DC.	31	Shrub or Subshrub
mango	Mangifera indica L.	15	Hardwood Trees
cassava	Manihot esculenta Crantz	5	Shrub or Subshrub
ceara rubbertree	Manihot glaziovii Muell.-Arg.	4	Hardwood Trees
sapodilla	Manilkara zapota (L.) van Royen	6	Hardwood Trees
white horehound	Marrubium vulgare L.	760	Shrub or Subshrub
dwarf waterclover	Marsilea minuta L.	8	Forbs/Herbs
European water-clover	Marsilea quadrifolia L.	167	Aquatic Plants
pineapple-weed	Matricaria discoidea DC.	1138	Forbs/Herbs
black medic	Medicago lupulina L.	1953	Forbs/Herbs
California burclover	Medicago polymorpha L.	327	Vines
guineagrass	Megathyrsus maximus (Jacq.) R. Webster	90	Grass or Grasslike
melaleuca	Melaleuca quinquenervia (Cav.) Blake	34	Hardwood Trees
Asian melastome	Melastoma candidum D. Don	3	Hardwood Trees
chinaberry	Melia azedarach L.	701	Hardwood Trees
annual yellow sweetclover	Melilotus indicus (L.) All.	337	Forbs/Herbs
yellow sweet-clover	Melilotus officinalis (L.) Lam.	2402	Forbs/Herbs
molassesgrass	Melinis minutiflora Beauv.	13	Grass or Grasslike
natalgrass	Melinis repens (Willd.) Zizka	88	Grass or Grasslike
lemon balm	Melissa officinalis L.	237	Forbs/Herbs
hierba del soldado	Melochia umbellata (Houtt.) Stapf	4	Hardwood Trees
pennyroyal	Mentha pulegium L.	92	Forbs/Herbs
spearmint	Mentha spicata L.	769	Forbs/Herbs
peppermint	Mentha x piperita L. (pro sp.)	754	Forbs/Herbs
apple-mint	Mentha x villosa Huds. (pro sp.) [spicata × suaveolens]	95	Forbs/Herbs
Spanish arborvine	Merremia tuberosa (L.) Rendle	9	Vines
crystalline iceplant	Mesembryanthemum crystallinum L.	16	Forbs/Herbs
slenderleaf iceplant	Mesembryanthemum nodiflorum L.	18	Forbs/Herbs
miconia	Miconia calvescens DC.	4	Shrub or Subshrub
weeping grass	Microlaena stipoides Labill.	4	Grass or Grasslike
Japanese stiltgrass	Microstegium vimineum (Trin.) A. Camus	992	Grass or Grasslike
thoroughwort pennycress	Microthlaspi perfoliatum (L.) F.K. Mey.	292	Forbs/Herbs
mile-a-minute	Mikania micrantha Kunth	8	Vines
giant sensitiveplant	Mimosa diplotricha C. Wright ex Sauvalle	1	Shrub or Subshrub
catclaw mimosa	Mimosa pigra L.	11	Shrub or Subshrub
shameplant	Mimosa pudica var. unijuga (Duchass. & Walp.) Griseb.	4	Forbs/Herbs
common four-o'clock	Mirabilis jalapa L.	187	Forbs/Herbs
wild four-o'clock	Mirabilis nyctaginea (Michx.) MacM.	1113	Forbs/Herbs
Chinese silvergrass	Miscanthus sinensis Anderss.	354	Grass or Grasslike
balsamapple	Momordica charantia L.	46	Vines
treedaisy	Montanoa hibiscifolia (Benth.) Standl.	4	Hardwood Trees
firetree	Morella faya (Ait.) Wilbur	4	Hardwood Trees
white mulberry	Morus alba L.	1364	Hardwood Trees
miniature beefsteakplant	Mosla dianthera (Buch.-Ham. ex Roxb.) Maxim.	35	Forbs/Herbs
marsh dayflower	Murdannia keisak (Hassk.) Hand.-Maz.	264	Forbs/Herbs
Chinese box	Murraya exotica L.	6	Hardwood Trees
common grape hyacinth	Muscari botryoides (L.) P. Mill.	299	Forbs/Herbs
starch grape hyacinth	Muscari neglectum Guss. ex Ten.	264	Forbs/Herbs
wall lettuce	Mycelis muralis (L.) Dumort.	68	Forbs/Herbs
ngaio tree	Myoporum laetum G. Forst.	15	Hardwood Trees
changing forget-me-not	Myosotis discolor Pers.	15	Forbs/Herbs
broadleaf forget-me-not	Myosotis latifolia Poir.	16	Forbs/Herbs
true forget-me-not	Myosotis scorpioides L.	553	Forbs/Herbs
woodland forget-me-not	Myosotis sylvatica Ehrh. ex Hoffmann	122	Forbs/Herbs
giant chickweed	Myosoton aquaticum (L.) Moench	326	Aquatic Plants
parrotfeather	Myriophyllum aquaticum (Vell.) Verdc.	629	Aquatic Plants
Eurasian water-milfoil	Myriophyllum spicatum L.	940	Aquatic Plants
watermilfoil	Myriophyllum spp. N/A	14	Forbs/Herbs
brittleleaf naiad	Najas minor All.	420	Aquatic Plants
sacred bamboo	Nandina domestica Thunb.	320	Shrub or Subshrub
onerow yellowcress	Nasturtium microphyllum Boenn. ex Rchb.	62	Forbs/Herbs
watercress	Nasturtium officinale R. Brown	1222	Aquatic Plants
perennial soybean	Neonotonia wightii (Wight & Arn.)	4	Vines
catnip	Nepeta cataria L.	1337	Forbs/Herbs
Asian swordfern	Nephrolepis brownii (Desv.) Hovenkamp & Miyam.	27	Forbs/Herbs
narrow swordfern	Nephrolepis cordifolia (L.) C. Presl	45	Forbs/Herbs
fishtail swordfern	Nephrolepis falcata (Cav.) C. Christens.	13	Forbs/Herbs
oleander	Nerium oleander L.	64	Hardwood Trees
burmareed	Neyraudia reynaudiana (Kunth) Keng ex A.S. Hitchc.	13	Grass or Grasslike
apple-of-Peru	Nicandra physalodes (L.) Gaertn.	295	Forbs/Herbs
tree tobacco	Nicotiana glauca Graham	79	Hardwood Trees
crested floating heart	Nymphoides cristata (Roxb.) O. Ktze.	14	Aquatic Plants
yellow floating heart	Nymphoides peltata (S.G. Gmel.) Kuntze	85	Aquatic Plants
Java waterdropwort	Oenanthe javanica (Blume) DC.	2	Forbs/Herbs
redsepal evening-primrose	Oenothera glazioviana Micheli	74	Forbs/Herbs
cutleaf evening-primrose	Oenothera laciniata Hill	1367	Forbs/Herbs
olive	Olea europaea L.	29	Hardwood Trees
African olive	Olea europaea ssp. cuspidata (Wall. ex G. Don) Ciferri	4	Hardwood Trees
foxtail restharrow	Ononis alopecuroides L.	1	Forbs/Herbs
Scotch thistle	Onopordum acanthium L.	370	Forbs/Herbs
bristle basketgrass	Oplismenus hirtellus (L.) Beauv.	7	Grass or Grasslike
wavyleaf basketgrass	Oplismenus undulatifolius (Ard.) Roem. & Schult.	40	Grass or Grasslike
tuna cactus	Opuntia ficus-indica (L.) P. Mill.	55	Cactus
nodding star-of-Bethlehem	Ornithogalum nutans L.	49	Forbs/Herbs
star-of-Bethlehem	Ornithogalum umbellatum L.	724	Forbs/Herbs
small broomrape	Orobanche minor Smith	58	Forbs/Herbs
holly osmanthus	Osmanthus heterophyllus (G. Don) P.S. Green	3	Shrub or Subshrub
pink woodsorrel	Oxalis debilis var. corymbosa (DC.) Lourteig	85	Forbs/Herbs
buttercup oxalis	Oxalis pes-caprae L.	30	Forbs/Herbs
yellow woodsorrel	Oxalis stricta L.	1845	Forbs/Herbs
Cuban bulrush	Oxycaryum cubense (Poepp. & Kunth) Lye	45	Aquatic Plants
bristletips	Oxyspora paniculata (D. Don) DC.	1	Shrub or Subshrub
Japanese pachysandra	Pachysandra terminalis Sieb. & Zucc.	46	Shrub or Subshrub
sewer vine	Paederia cruddasiana Prain	1	Vines
skunk-vine	Paederia foetida L.	42	Vines
blue panicum	Panicum antidotale Retz.	69	Grass or Grasslike
torpedograss	Panicum repens L.	132	Grass or Grasslike
plume albizia	Paraserianthes lophantha (Willd.) I. Nielsen	14	Hardwood Trees
yellow glandweed	Parentucellia viscosa (L.) Caruel	64	Forbs/Herbs
Boston ivy	Parthenocissus tricuspidata (Sieb. & Zucc.) Planch.	62	Vines
sour paspalum	Paspalum conjugatum Berg.	68	Grass or Grasslike
dallisgrass	Paspalum dilatatum Poir.	758	Grass or Grasslike
Panama crowngrass	Paspalum fimbriatum Kunth	7	Grass or Grasslike
bahiagrass	Paspalum notatum Flueggé	421	Grass or Grasslike
tussock paspalum	Paspalum quadrifarium Lam.	5	Grass or Grasslike
ricegrass paspalum	Paspalum scrobiculatum Linnaeus	8	Grass or Grasslike
vaseygrass	Paspalum urvillei Steud.	487	Grass or Grasslike
wingleaf passionflower	Passiflora bicornis P. Mill.	2	Vines
twoflower passionflower	Passiflora biflora Lam.	2	Vines
passionflower	Passiflora edulis Sims	34	Vines
redfruit passionflower	Passiflora foetida L.	36	Vines
golden bellapple	Passiflora laurifolia L.	4	Vines
sweet granadilla	Passiflora ligularis Juss.	4	Vines
corkystemmed passionflower	Passiflora suberosa L.	31	Vines
white passionflower	Passiflora subpeltata Ortega	3	Vines
banana passionflower	Passiflora tripartita var. mollissima (Kunth) Holm-Niesen & P.M. Jørg.	5	Vines
wild parsnip	Pastinaca sativa L.	1253	Forbs/Herbs
princesstree	Paulownia tomentosa (Thunb.) Sieb. & Zucc. ex Steud.	617	Hardwood Trees
spearleaf swampmallow	Pavonia hastata Cav.	4	Shrub or Subshrub
gingerbush	Pavonia spinifex (L.) Cav.	8	Shrub or Subshrub
African rue	Peganum harmala L.	45	Forbs/Herbs
kikuyugrass	Pennisetum clandestinum Hochst. ex Chiov.	25	Grass or Grasslike
elephant grass	Pennisetum purpureum Schumacher	54	Grass or Grasslike
fountaingrass	Pennisetum spp. L.C. Rich. ex Pers	2	Grass or Grasslike
evergreen bugloss	Pentaglottis sempervirens (L.) Tausch ex L.H. Bailey	0	Forbs/Herbs
perilla mint	Perilla frutescens (L.) Britton	703	Forbs/Herbs
avocado	Persea americana P. Mill.	11	Hardwood Trees
pinkhead smartweed	Persicaria capitata (Buch.-Ham. ex D. Don) Gross.	11	Shrub or Subshrub
denseflower knotweed	Persicaria glabra (Willd.) M. Gómez	209	Forbs/Herbs
Oriental lady's thumb	Persicaria longiseta (Bruijn) Kitagawa	656	Forbs/Herbs
ladysthumb	Persicaria maculosa S.F. Gray	1743	Forbs/Herbs
princess-feather	Persicaria orientalis (L.) Spach	333	Forbs/Herbs
mile-a-minute vine	Persicaria perfoliata (L.) H. Gross	271	Vines
dotted smartweed	Persicaria punctata (Ell.) Small	1822	Forbs/Herbs
cultivated knotweed	Persicaria wallichii Greuter & Burdet	34	Forbs/Herbs
hairypink	Petrorhagia dubia (Raf.) G. López & Romo	58	Forbs/Herbs
parsley	Petroselinum crispum (P. Mill.) Nyman ex A.W. Hill	52	Forbs/Herbs
bulbous canarygrass	Phalaris aquatica L.	62	Grass or Grasslike
reed canarygrass	Phalaris arundinacea L.	1535	Aquatic Plants
canarygrass	Phalaris canariensis L.	382	Grass or Grasslike
littleseed canarygrass	Phalaris minor Retz.	66	Grass or Grasslike
Amur corktree	Phellodendron amurense Rupr.	63	Hardwood Trees
Japanese corktree	Phellodendron japonicum Maxim.	12	Hardwood Trees
Lavalle corktree	Phellodendron lavallei Dode	0	Hardwood Trees
golden polypody	Phlebodium aureum (L.) J. Sm.	50	Forbs/Herbs
timothy	Phleum pratense L.	1731	Grass or Grasslike
Canary Island date palm	Phoenix canariensis hort. ex Chabaud	13	Palms
date palm	Phoenix dactylifera L.	10	Hardwood Trees
Senegal date palm	Phoenix reclinata Jacq.	24	Hardwood Trees
New Zealand flax	Phormium tenax J.R. & G. Forst.	3	Shrub or Subshrub
common reed	Phragmites australis (Cavanilles) Trinius ex Steudel	470	Grass or Grasslike
European common reed	Phragmites australis ssp. australis (Cavanilles) Trinius ex Steudel	1420	Aquatic Plants
Mascarene Island leaf-flower	Phyllanthus tenellus Roxb.	92	Forbs/Herbs
chamber bitter	Phyllanthus urinaria L.	160	Forbs/Herbs
golden bamboo	Phyllostachys aurea Carr. ex A.& C. Rivière	333	Grass or Grasslike
monarch fern	Phymatosorus scolopendria (Burm. f.) Copeland	2	Forbs/Herbs
Peruvian groundcherry	Physalis peruviana L.	12	Shrub or Subshrub
Virginia groundcherry	Physalis virginiana var. virginiana Mill.	929	Forbs/Herbs
common pokeweed	Phytolacca americana L.	1664	Forbs/Herbs
Norway spruce	Picea abies (L.) Karst.	145	Conifer Trees
hawkweed oxtongue	Picris hieracioides L.	76	Forbs/Herbs
artilleryweed	Pilea microphylla (L.) Liebm.	56	Forbs/Herbs
tall lodgepole pine	Pinus contorta var. latifolia Engelm. ex S. Watson	179	Conifer Trees
Coulter pine	Pinus coulteri D. Don	20	Conifer Trees
Honduras pine	Pinus elliottii var. elliottii Engelm.	234	Conifer Trees
Jeffrey pine	Pinus jeffreyi Grev. & Balf.	51	Conifer Trees
maritime pine	Pinus pinaster Soland., non Ait.	2	Conifer Trees
Italian stone pine	Pinus pinea L.	8	Conifer Trees
ponderosa pine	Pinus ponderosa P.& C. Lawson	338	Conifer Trees
Monterey pine	Pinus radiata D. Don	9	Conifer Trees
eastern white pine	Pinus strobus L.	815	Conifer Trees
Scots pine	Pinus sylvestris L.	235	Conifer Trees
Japanese black pine	Pinus thunbergii Parl.	14	Conifer Trees
smilograss	Piptatherum miliaceum (L.) Coss.	42	Grass or Grasslike
water lettuce	Pistia stratiotes L.	263	Aquatic Plants
monkeypod	Pithecellobium dulce (Roxb.) Benth.	8	Hardwood Trees
Taiwanese cheesewood	Pittosporum pentandrum (Blanco) Merr.	3	Hardwood Trees
Australian cheesewood	Pittosporum undulatum Vent.	10	Hardwood Trees
Dixie silverback fern	Pityrogramma calomelanos (L.) Link	7	Forbs/Herbs
Mexican plantain	Plantago australis Lam.	6	Forbs/Herbs
buckhorn plantain	Plantago lanceolata L.	1734	Forbs/Herbs
broadleaf plantain	Plantago major L.	1245	Forbs/Herbs
cure for all	Pluchea carolinensis (Jacq.) G. Don	12	Shrub or Subshrub
Indian camphorweed	Pluchea indica (L.) Less.	4	Shrub or Subshrub
annual bluegrass	Poa annua L.	1632	Grass or Grasslike
bulbous bluegrass	Poa bulbosa L.	441	Grass or Grasslike
Canada bluegrass	Poa compressa L.	1577	Grass or Grasslike
Kentucky bluegrass	Poa pratensis L.	1963	Grass or Grasslike
Kentucky bluegrass	Poa pratensis ssp. pratensis L.	86	Grass or Grasslike
roughstalk bluegrass	Poa trivialis L.	529	Grass or Grasslike
fourleaf manyseed	Polycarpon tetraphyllum (L.) L.	81	Forbs/Herbs
silversheath knotweed	Polygonum argyrocoleon Steud. Ex Kunze	57	Forbs/Herbs
pale smartweed	Polygonum lapathifolium L.	1790	Forbs/Herbs
rabbitfoot polypogon	Polypogon monspeliensis (L.) Desf.	627	Grass or Grasslike
water-bent	Polypogon viridis (Gouan) Breistr.	144	Grass or Grasslike
white poplar	Populus alba L.	981	Hardwood Trees
balsam poplar	Populus balsamifera L.	684	Hardwood Trees
Lombardy poplar	Populus nigra L.	229	Hardwood Trees
European aspen	Populus tremula L.	2	Hardwood Trees
gray poplar	Populus x canescens (Ait.) Sm. (pro sp.) [alba × tremula]	90	Hardwood Trees
common purslane	Portulaca oleracea L.	1412	Forbs/Herbs
curly-leaved pondweed	Potamogeton crispus L.	871	Aquatic Plants
false strawberry	Potentilla indica (Andr.) Wolf	684	Forbs/Herbs
sulfur cinquefoil	Potentilla recta L.	1459	Forbs/Herbs
canistel	Pouteria campechiana (Kunth) Baehni	2	Hardwood Trees
kiawe	Prosopis pallida (Humb. & Bonpl. ex Willd.) Kunth	4	Hardwood Trees
common selfheal	Prunella vulgaris L.	2058	Forbs/Herbs
sweet cherry	Prunus avium (L.) L.	381	Hardwood Trees
cherry plum	Prunus cerasifera Ehrh.	69	Hardwood Trees
sour cherry	Prunus cerasus L.	173	Hardwood Trees
plum	Prunus domestica L.	96	Hardwood Trees
cherry laurel	Prunus laurocerasus L.	23	Hardwood Trees
Portugal laurel	Prunus lusitanica L.	10	Hardwood Trees
Mahaleb cherry	Prunus mahaleb L.	212	Hardwood Trees
European bird cherry	Prunus padus L.	42	Hardwood Trees
blackthorn	Prunus spinosa L.	28	Hardwood Trees
dog's-tongue	Pseudelephantopus spicatus (Juss. ex Aubl.) C.F. Baker	14	Forbs/Herbs
Jersey cudweed	Pseudognaphalium luteoalbum (L.) Hilliard & Burtt	78	Forbs/Herbs
arrow bamboo	Pseudosasa japonica (Sieb. & Zucc. ex Steud.) Makino ex Nakai	25	Shrub or Subshrub
Douglas-fir	Pseudotsuga menziesii (Mirbel) Franco	322	Conifer Trees
strawberry guava	Psidium cattleianum Sabine	31	Shrub or Subshrub
guava	Psidium guajava L.	33	Shrub or Subshrub
ladder brake	Pteris vittata L.	66	Forbs/Herbs
ptychosperma	Ptychosperma elegans (R. Br.) Blume	4	Hardwood Trees
kudzu	Pueraria montana var. lobata (Willd.) Maesen & S. Almeida	1104	Vines
pomegranate	Punica granatum L.	37	Hardwood Trees
narrowleaf firethorn	Pyracantha angustifolia (Franch.) Schneid.	21	Shrub or Subshrub
scarlet firethorn	Pyracantha coccinea M. Roemer	96	Shrub or Subshrub
Nepalese firethorn	Pyracantha crenulata (D. Don) Roem.	4	Shrub or Subshrub
firethorn	Pyracantha spp. L.	3	Shrub or Subshrub
birch-leaf pear	Pyrus betulifolia Bunge	0	Hardwood Trees
Callery pear (Bradford pear)	Pyrus calleryana Decne.	493	Hardwood Trees
common pear	Pyrus communis L.	542	Hardwood Trees
sawtooth oak	Quercus acutissima Carruthers	54	Hardwood Trees
English oak	Quercus robur L.	35	Hardwood Trees
Rangoon creeper	Quisqualis indica L.	4	Vines
tall buttercup	Ranunculus acris L.	643	Forbs/Herbs
bulbous buttercup	Ranunculus bulbosus L.	510	Forbs/Herbs
creeping buttercup	Ranunculus repens L.	578	Forbs/Herbs
wild radish	Raphanus raphanistrum L.	565	Forbs/Herbs
radish	Raphanus sativus L.	368	Forbs/Herbs
turnipweed	Rapistrum rugosum (L.) All.	69	Forbs/Herbs
white mignonette	Reseda alba L.	39	Forbs/Herbs
bridal broom	Retama monosperma (L.) Boiss.	3	Shrub or Subshrub
Japanese knotweed	Reynoutria japonica Sieb. & Zucc.	1169	Forbs/Herbs
giant knotweed	Reynoutria sachalinensis F. Schmidt ex Maxim.	276	Forbs/Herbs
Bohemian knotweed	Reynoutria x bohemica Chrtek & Chrtková	68	Forbs/Herbs
European buckthorn	Rhamnus cathartica L.	701	Shrub or Subshrub
Chinese buckthorn	Rhamnus utilis Dcne.	0	Shrub or Subshrub
Russian knapweed	Rhaponticum repens (L.) Hidalgo	529	Forbs/Herbs
red mangrove	Rhizophora mangle L.	36	Hardwood Trees
rose myrtle	Rhodomyrtus tomentosa (Ait.) Hassk.	20	Hardwood Trees
jetbead	Rhodotypos scandens (Thunb.) Makino	118	Shrub or Subshrub
anglestem beaksedge	Rhynchospora caduca Ell.	262	Grass or Grasslike
cultivated currant	Ribes rubrum L.	263	Shrub or Subshrub
largeflower Mexican clover	Richardia grandiflora (Cham. & Schlecht.) J.A. & J.H. Schultes	12	Forbs/Herbs
castorbean	Ricinus communis L.	210	Shrub or Subshrub
bristly locust	Robinia hispida L.	626	Hardwood Trees
black locust	Robinia pseudoacacia L.	1874	Hardwood Trees
amphibious yellowcress	Rorippa amphibia (L.) Besser	6	Aquatic Plants
Austrian fieldcress	Rorippa austriaca (Crantz) Bess.	55	Forbs/Herbs
Macartney rose	Rosa bracteata J.C. Wendl.	177	Shrub or Subshrub
dog rose	Rosa canina L.	240	Shrub or Subshrub
cinnamon rose	Rosa cinnamomea L.	78	Shrub or Subshrub
French rose	Rosa gallica L.	89	Shrub or Subshrub
Cherokee rose	Rosa laevigata Michx.	110	Shrub or Subshrub
memorial rose	Rosa luciae Franch. & Rochebr. ex Crép.	166	Shrub or Subshrub
smallflower sweetbrier	Rosa micrantha Borrer ex Sm.	96	Shrub or Subshrub
multiflora rose	Rosa multiflora Thunb.	1447	Shrub or Subshrub
sweetbriar	Rosa rubiginosa L.	467	Shrub or Subshrub
Seaside rose	Rosa rugosa Thunb.	125	Shrub or Subshrub
Scottish rose	Rosa spinosissima L.	51	Shrub or Subshrub
damask rose	Rosa x damascena P. Mill. [gallica × moschata]	13	Shrub or Subshrub
roundleaf toothcup	Rotala rotundifolia (Buch.-Ham. ex Roxb.) Koehne	5	Aquatic Plants
itchgrass	Rottboellia cochinchinensis (Lour.) W.D. Clayton	86	Grass or Grasslike
highbush blackberry	Rubus argutus Link	728	Shrub or Subshrub
Himalayan blackberry	Rubus armeniacus Focke	210	Shrub or Subshrub
Himalayan blackberry	Rubus bifrons Vest ex Tratt.	145	Shrub or Subshrub
yellow Himalayan raspberry	Rubus ellipticus Sm.	2	Shrub or Subshrub
European red raspberry	Rubus idaeus L.	768	Shrub or Subshrub
strawberry raspberry	Rubus illecebrosus Focke	27	Shrub or Subshrub
cutleaf blackberry	Rubus laciniatus Willd.	204	Vines
largeleaf blackberry	Rubus macrophyllus Weihe & Nees	10	Shrub or Subshrub
snowpeaks raspberry	Rubus niveus Thunb.	4	Shrub or Subshrub
wine raspberry	Rubus phoenicolasius Maxim.	295	Shrub or Subshrub
West Indian raspberry	Rubus rosifolius Sm.	4	Shrub or Subshrub
palmleaf dewberry	Rubus sieboldii Blume	1	Shrub or Subshrub
elmleaf blackberry	Rubus ulmifolius Schott	19	Vines
European blackberry	Rubus vestitus Weihe & Nees	7	Shrub or Subshrub
Browne's blechum	Ruellia blechum L.	23	Forbs/Herbs
Britton's wild petunia	Ruellia simplex C. Wright	68	Shrub or Subshrub
red sorrel	Rumex acetosella L.	1737	Forbs/Herbs
curly dock	Rumex crispus L.	2232	Forbs/Herbs
curly dock	Rumex crispus ssp. crispus L.	2201	Forbs/Herbs
broadleaf dock	Rumex obtusifolius L.	880	Forbs/Herbs
narrowleaf dock	Rumex stenophyllus Ledeb.	272	Forbs/Herbs
Tasmanian wallaby grass	Rytidosperma biannulare (Zotov) Connor & Edgar	7	Grass or Grasslike
hairy wallaby grass	Rytidosperma penicillatum (Labill.) Connor & Edgar	16	Grass or Grasslike
ravennagrass	Saccharum ravennae L.	53	Grass or Grasslike
glenwoodgrass	Sacciolepis indica (L.) Chase	64	Grass or Grasslike
white willow	Salix alba L.	587	Hardwood Trees
goat willow	Salix caprea L.	42	Shrub or Subshrub
large gray willow	Salix cinerea L.	78	Hardwood Trees
crack willow	Salix fragilis L.	578	Hardwood Trees
corkscrew willow	Salix matsudana Koidzumi	11	Shrub or Subshrub
laurel willow	Salix pentandra L.	173	Hardwood Trees
purpleosier willow	Salix purpurea L.	209	Shrub or Subshrub
osier	Salix viminalis L.	19	Hardwood Trees
Wisconsin weeping willow	Salix x pendulina Wenderoth [babylonica × fragilis]	162	Hardwood Trees
weeping willow	Salix x sepulcralis Simonkai [alba × babylonica]	153	Hardwood Trees
slender Russian thistle	Salsola collina Pallas	210	Forbs/Herbs
Russian thistle	Salsola kali L.	212	Forbs/Herbs
barbwire Russian-thistle	Salsola paulsenii Litv.	56	Forbs/Herbs
oppositeleaf Russian thistle	Salsola soda L.	8	Forbs/Herbs
Russian thistle	Salsola tragus L.	1090	Forbs/Herbs
Mediterranean sage	Salvia aethiopis L.	37	Forbs/Herbs
sticky sage	Salvia glutinosa L.	2	Forbs/Herbs
water fern	Salvinia minima Baker	134	Forbs/Herbs
giant salvinia	Salvinia molesta D. S. Mitchell	102	Aquatic Plants
raintree	Samanea saman (Jacq.) Merr.	4	Hardwood Trees
iguanatail	Sansevieria hyacinthoides (L.) Druce	21	Forbs/Herbs
bouncingbet	Saponaria officinalis L.	1540	Forbs/Herbs
mourningbride	Scabiosa atropurpurea L.	36	Forbs/Herbs
beach naupaka	Scaevola taccada Vahl	20	Shrub or Subshrub
octopus tree	Schefflera actinophylla (Endl.) H.A.T. Harms	21	Hardwood Trees
Peruvian peppertree	Schinus molle L.	27	Hardwood Trees
Brazilian peppertree	Schinus terebinthifolia Raddi	59	Hardwood Trees
Arabian schismus	Schismus arabicus Nees	43	Grass or Grasslike
common mediterraneangrass	Schismus barbatus (Loefl. ex L.) Thellung	34	Grass or Grasslike
Colombian bluestem	Schizachyrium condensatum (Kunth) Nees	4	Grass or Grasslike
ricefield bulrush	Schoenoplectiella mucronata (L.) J. Jung & H. K. Choi	29	Grass or Grasslike
lakeshore nutrush	Scleria lacustris C. Wright	12	Grass or Grasslike
chayote	Sechium edule (Jacq.) Sw.	5	Vines
purple crown-vetch	Securigera varia (L.) Lassen	998	Forbs/Herbs
woodland groundsel	Senecio sylvaticus L.	81	Forbs/Herbs
common groundsel	Senecio vulgaris L.	540	Forbs/Herbs
sicklepod	Senna obtusifolia (L.) Irwin & Barneby	477	Forbs/Herbs
coffee senna	Senna occidentalis (L.) Link	192	Forbs/Herbs
valamuerto	Senna pendula (Humb. & Bonpl. ex Willd.) Irwin & Barneby	23	Vines
valamuerto	Senna pendula var. advena (Vogel) Irwin & Barneby	5	Vines
valamuerto	Senna pendula var. glabrata (Vogel) Irwin & Barneby	24	Vines
hedionda macho	Senna septemtrionalis (Viviani) Irwin & Barneby	4	Hardwood Trees
glossy shower	Senna surattensis (Burm. f.) Irwin & Barneby	5	Hardwood Trees
bigpod sesbania	Sesbania herbacea (P. Mill.) McVaugh	247	Forbs/Herbs
red sesbania	Sesbania punicea (Cav.) Benth.	236	Shrub or Subshrub
bagpod	Sesbania vesicaria (Jacq.) Ell.	239	Forbs/Herbs
giant foxtail	Setaria faberi Herrm.	1057	Grass or Grasslike
foxtail millet	Setaria italica (L.) Beauv.	347	Grass or Grasslike
palmgrass	Setaria palmifolia (Koenig) Stapf	9	Grass or Grasslike
knotroot foxtail	Setaria parviflora (Poir.) Kerguélen	994	Grass or Grasslike
yellow foxtail	Setaria pumila (Poir.) Roemer & J.A. Schultes	1773	Grass or Grasslike
green foxtail	Setaria viridis (L.) Beauv.	1805	Grass or Grasslike
green bristlegrass	Setaria viridis var. viridis (L.) P. Beauv.	1663	Grass or Grasslike
field madder	Sherardia arvensis L.	446	Forbs/Herbs
common St. Paul's wort	Sigesbeckia orientalis L.	6	Forbs/Herbs
rose campion	Silene coronaria (L.) Clairv.	10	Forbs/Herbs
meadow campion	Silene flos-cuculi (L.) Clairv.	100	Forbs/Herbs
English catchfly	Silene gallica L.	145	Forbs/Herbs
bladder campion	Silene latifolia ssp. alba (Mill.) Greuter & Burdet	888	Forbs/Herbs
bladder campion	Silene vulgaris (Moench) Garcke	673	Forbs/Herbs
blessed milkthistle	Silybum marianum (L.) Gaertn.	144	Forbs/Herbs
wild mustard	Sinapis arvensis L.	1026	Forbs/Herbs
tumble mustard	Sisymbrium altissimum L.	1133	Forbs/Herbs
London rocket	Sisymbrium irio L.	137	Forbs/Herbs
hedge mustard	Sisymbrium officinale (L.) Scop.	1109	Forbs/Herbs
oriental mustard	Sisymbrium orientale L.	37	Forbs/Herbs
American black nightshade	Solanum americanum P. Mill.	119	Shrub or Subshrub
twoleaf nightshade	Solanum diphyllum L.	26	Forbs/Herbs
bittersweet nightshade	Solanum dulcamara L.	888	Vines
purple African nightshade	Solanum marginatum L. f.	12	Shrub or Subshrub
black nightshade	Solanum nigrum L.	96	Shrub or Subshrub
hairy nightshade	Solanum physalifolium Rusby	295	Forbs/Herbs
currant tomato	Solanum pimpinellifolium Jusl.	4	Forbs/Herbs
Jerusalem-cherry	Solanum pseudocapsicum L.	58	Shrub or Subshrub
Brazilian nightshade	Solanum seaforthianum Andr.	20	Vines
wetland nightshade	Solanum tampicense Dunal	11	Vines
turkeyberry	Solanum torvum Sw.	15	Forbs/Herbs
cutleaf nightshade	Solanum triflorum Nutt.	347	Forbs/Herbs
tropical soda apple	Solanum viarum Dunal	191	Shrub or Subshrub
common coleus	Solenostemon scutellarioides (L.) Codd	9	Forbs/Herbs
perennial sowthistle	Sonchus arvensis L.	938	Forbs/Herbs
field sowthistle	Sonchus arvensis ssp. arvensis L.	295	Forbs/Herbs
spiny sowthistle	Sonchus asper (L.) Hill	1792	Forbs/Herbs
annual sowthistle	Sonchus oleraceus L.	1119	Forbs/Herbs
sowthistle	Sonchus spp. L.	30	Forbs/Herbs
false spiraea	Sorbaria sorbifolia (L.) A. Braun	181	Shrub or Subshrub
European mountain-ash	Sorbus aucuparia L.	222	Hardwood Trees
sorghum	Sorghum bicolor (L.) Moench	591	Grass or Grasslike
sudangrass	Sorghum bicolor ssp. drummondii (Nees ex Steud.) de Wet & Harlan	57	Grass or Grasslike
johnsongrass	Sorghum halepense (L.) Pers.	1595	Grass or Grasslike
smooth cordgrass	Spartina alterniflora Loisel.	176	Grass or Grasslike
common cordgrass	Spartina anglica C.E. Hubbard	12	Grass or Grasslike
denseflower cordgrass	Spartina densiflora Brongn.	16	Grass or Grasslike
cordgrass hybrid	Spartina foliosa x alterniflora N/A	2	Grass or Grasslike
saltmeadow cordgrass	Spartina patens (Ait.) Muhl.	183	Grass or Grasslike
Spanish broom	Spartium junceum L.	61	Shrub or Subshrub
African tuliptree	Spathodea campanulata Beauv.	9	Hardwood Trees
Philippine ground orchid	Spathoglottis plicata Blume	7	Forbs/Herbs
Morison's spurry	Spergula morisonii Boreau	3	Forbs/Herbs
swainsonpea	Sphaerophysa salsula (Pallas) DC.	68	Shrub or Subshrub
Bay Biscayne creeping-oxeye	Sphagneticola trilobata (L.C. Rich.) Pruski	46	Forbs/Herbs
Japanese spiraea	Spiraea japonica L. f.	164	Shrub or Subshrub
bridalwreath spiraea	Spiraea prunifolia Sieb. & Zucc.	126	Shrub or Subshrub
Thunberg's meadowsweet	Spiraea thunbergii Sieb. ex Blume	42	Shrub or Subshrub
purple mombin	Spondias purpurea L.	2	Hardwood Trees
tussock dropseed	Sporobolus diandrus (Retz.) P. Beauv.	19	Grass or Grasslike
smutgrass	Sporobolus indicus (L.) R. Br.	522	Grass or Grasslike
rat-tail grass	Sporobolus indicus var. capensis Engelm.	4	Grass or Grasslike
fieldnettle betony	Stachys arvensis (L.) L.	28	Forbs/Herbs
Florida betony	Stachys floridana Shuttlw. ex Benth.	184	Forbs/Herbs
cayenne porterweed	Stachytarpheta cayennensis (Rich.) Vahl	10	Forbs/Herbs
Jamaica vervain	Stachytarpheta jamaicensis (L.) Vahl	16	Forbs/Herbs
nettleleaf velvetberry	Stachytarpheta urticifolia Sims	6	Shrub or Subshrub
common chickweed	Stellaria media (L.) Vill.	1555	Forbs/Herbs
common chickweed	Stellaria pallida (Dumort.) Crépin	1840	Forbs/Herbs
St. Augustinegrass	Stenotaphrum secundatum (Walt.) Kuntze	180	Grass or Grasslike
witchweed	Striga asiatica (L.) Kuntze	16	Forbs/Herbs
African mustard	Strigosella africana (L.) Botsch.	97	Forbs/Herbs
West Indian mahogany	Swietenia mahagoni (L.) Jacq.	5	Hardwood Trees
queen palm	Syagrus romanzoffiana (Cham.) Glassman	30	Hardwood Trees
common comfrey	Symphytum officinale L.	245	Forbs/Herbs
nodeweed	Synedrella nodiflora (L.) Gaertn.	9	Forbs/Herbs
American evergreen	Syngonium podophyllum Schott	31	Vines
common lilac	Syringa vulgaris L.	303	Shrub or Subshrub
Java plum	Syzygium cumini (L.) Skeels	21	Hardwood Trees
Malabar plum	Syzygium jambos (L.) Alston	13	Hardwood Trees
medusahead	Taeniatherum caput-medusae (L.) Nevski	123	Grass or Grasslike
wild marigold	Tagetes minuta L.	86	Forbs/Herbs
sea hibiscus	Talipariti tiliaceum var. tiliaceum L.	18	Shrub or Subshrub
African tamarisk	Tamarix africana Poir.	7	Hardwood Trees
Athel tamarisk	Tamarix aphylla (L.) Karst.	32	Hardwood Trees
fivestamen tamarisk	Tamarix chinensis Lour.	452	Hardwood Trees
French tamarisk	Tamarix gallica L.	90	Shrub or Subshrub
smallflower tamarisk	Tamarix parviflora DC.	144	Hardwood Trees
saltcedar	Tamarix ramosissima Ledeb.	404	Hardwood Trees
common tansy	Tanacetum vulgare L.	814	Forbs/Herbs
rock dandelion	Taraxacum erythrospermum Andrz. ex Besser	723	Forbs/Herbs
dandelion	Taraxacum officinale G.H. Weber ex Wiggers	2098	Forbs/Herbs
Japanese yew	Taxus cuspidata Sieb. & Zucc.	20	Conifer Trees
incised halberd fern	Tectaria incisa Cav.	7	Forbs/Herbs
tropical almond	Terminalia catappa L.	13	Shrub or Subshrub
Australian almond	Terminalia muelleri Benth.	6	Hardwood Trees
East Indian almond	Terminalia myriocarpa van Heurck & Muell.-Arg.	4	Hardwood Trees
bee-bee tree	Tetradium daniellii (Benn.) T.G. Hartley	1	Shrub or Subshrub
portia tree	Thespesia populnea (L.) Soland. ex Correa	18	Hardwood Trees
intermediate wheatgrass	Thinopyrum intermedium (Host) Barkworth & D.R. Dewey	319	Grass or Grasslike
tall wheatgrass	Thinopyrum ponticum (Podp.) Z.-W. Liu & R.-C. Wang	253	Grass or Grasslike
field pennycress	Thlaspi arvense L.	1391	Forbs/Herbs
arborvitae	Thuja occidentalis L.	442	Conifer Trees
blackeyed Susan vine	Thunbergia alata Bojer ex Sims	29	Vines
Bengal trumpet	Thunbergia grandiflora Roxb.	6	Vines
laurel clockvine	Thunbergia laurifolia Lindl.	4	Vines
herbaceous glorytree	Tibouchina herbacea (DC.) Cogn.	3	Shrub or Subshrub
princess-flower	Tibouchina urvilleana (DC.) Cogn.	4	Hardwood Trees
tree marigold	Tithonia diversifolia (Hemsl.) Gray	13	Forbs/Herbs
Australian redcedar	Toona ciliata Roemer	4	Hardwood Trees
spreading hedgeparsley	Torilis arvensis (Huds.) Link	633	Forbs/Herbs
Japanese hedge-parsley	Torilis japonica (Houtt.) DC.	237	Forbs/Herbs
white-flowered spiderwort	Tradescantia fluminensis Vell.	61	Forbs/Herbs
boatlily	Tradescantia spathacea Sw.	24	Forbs/Herbs
western salsify	Tragopogon dubius Scop.	1432	Forbs/Herbs
meadow salsify	Tragopogon lamottei L.	623	Forbs/Herbs
common salsify	Tragopogon porrifolius L.	476	Forbs/Herbs
European water chestnut	Trapa natans L.	101	Aquatic Plants
oriental trema	Trema orientalis (L.) Blume	6	Hardwood Trees
Chinese tallowtree	Triadica sebifera (L.) Small	425	Hardwood Trees
Jamaica feverplant	Tribulus cistoides L.	27	Vines
puncturevine	Tribulus terrestris L.	818	Vines
rabbitfoot clover	Trifolium arvense L.	780	Forbs/Herbs
hop clover	Trifolium aureum Pollich	561	Forbs/Herbs
large hop clover	Trifolium campestre Schreb.	1343	Forbs/Herbs
small hop clover	Trifolium dubium Sibthorp	724	Forbs/Herbs
rose clover	Trifolium hirtum All.	53	Forbs/Herbs
alsike clover	Trifolium hybridum L.	1308	Forbs/Herbs
red clover	Trifolium pratense L.	1921	Forbs/Herbs
white clover	Trifolium repens L.	2017	Forbs/Herbs
subterranean clover	Trifolium subterraneum L.	20	Forbs/Herbs
Ravennagrass	Tripidium ravennae spp. ravennae (L.) H. Scholz	0	Grass or Grasslike
mayweed	Tripleurospermum inodorum (L.) Sch. Bip.	215	Forbs/Herbs
Sacramento burrbark	Triumfetta semitriloba Jacq.	14	Shrub or Subshrub
coltsfoot	Tussilago farfara L.	466	Forbs/Herbs
gorse	Ulex europaeus L.	69	Shrub or Subshrub
Chinese elm	Ulmus parvifolia Jacq.	65	Hardwood Trees
English elm	Ulmus procera Salisb.	56	Hardwood Trees
Siberian elm	Ulmus pumila L.	806	Hardwood Trees
Asian kelp	Undaria pinnatifida (Harvey) Suringar	0	Aquatic Plants
Caesarweed	Urena lobata L.	48	Forbs/Herbs
tropical signalgrass	Urochloa distachya (L.) T.Q. Nguyen	24	Grass or Grasslike
paragrass	Urochloa mutica (Forsk.) T.Q. Nguyen	47	Grass or Grasslike
stinging nettle	Urtica dioica L.	1463	Forbs/Herbs
European stinging nettle	Urtica dioica ssp. dioica L.	59	Forbs/Herbs
common valerian	Valeriana officinalis L.	191	Forbs/Herbs
ventenata	Ventenata dubia (Leers) Coss. & Durieu	41	Grass or Grasslike
moth mullein	Verbascum blattaria L.	1239	Forbs/Herbs
common mullein	Verbascum thapsus L.	2092	Forbs/Herbs
tall vervain	Verbena bonariensis L.	273	Forbs/Herbs
Brazilian vervain	Verbena incompta P. W. Michael	461	Forbs/Herbs
seashore vervain	Verbena montevidensis Spreng.	430	Forbs/Herbs
crownbeard	Verbesina encelioides (Cav.) Benth. & Hook. f. ex Gray	331	Forbs/Herbs
tungoil tree	Vernicia fordii (Hemsl.) Airy-Shaw	91	Hardwood Trees
water speedwell	Veronica anagallis-aquatica L.	937	Forbs/Herbs
corn speedwell	Veronica arvensis L.	1564	Forbs/Herbs
European speedwell	Veronica beccabunga L.	72	Forbs/Herbs
twolobe speedwell	Veronica biloba L.	96	Forbs/Herbs
ivyleaf speedwell	Veronica hederifolia L.	267	Forbs/Herbs
thymeleaf speedwell	Veronica serpyllifolia L.	990	Forbs/Herbs
linden viburnum	Viburnum dilatatum Thunb.	39	Shrub or Subshrub
wayfaringtree	Viburnum lantana L.	83	Hardwood Trees
European cranberrybush	Viburnum opulus L.	574	Hardwood Trees
cranberry viburnum, European highbush cranberry	Viburnum opulus ssp. opulus Linnaeus	253	Shrub or Subshrub
Japanese snowball	Viburnum plicatum Thunb.	42	Shrub or Subshrub
Siebold's arrowwood	Viburnum sieboldii Miq.	42	Hardwood Trees
laurustinus	Viburnum tinus L.	0	Shrub or Subshrub
bird vetch	Vicia cracca L.	381	Vines
tiny vetch	Vicia hirsuta (L.) S.F. Gray	9	Vines
common vetch	Vicia sativa Linnaeus	1102	Forbs/Herbs
sparrow vetch	Vicia tetrasperma (L.) Schreb.	239	Vines
hairy vetch	Vicia villosa Roth	1511	Vines
big periwinkle	Vinca major L.	338	Vines
common periwinkle	Vinca minor L.	811	Forbs/Herbs
Black dog-strangling vine, black swallowwort	Vincetoxicum nigrum (L.) Moench	264	Vines
dog-strangling vine, European swallowwort	Vincetoxicum rossicum (Kleopov) Barbarich	150	Vines
English violet	Viola odorata L.	92	Forbs/Herbs
lilac chastetree	Vitex agnus-castus L.	123	Shrub or Subshrub
beach vitex	Vitex rotundifolia L. f.	22	Shrub or Subshrub
simpleleaf chastetree	Vitex trifolia L.	20	Vines
wine grape	Vitis vinifera L.	35	Vines
squirreltail fescue	Vulpia bromoides (L.) S.F. Gray	197	Grass or Grasslike
rattail fescue	Vulpia myuros (L.) K.C. Gmel.	504	Grass or Grasslike
Washington fan palm	Washingtonia robusta H. Wendl.	24	Hardwood Trees
cape bugle-lily	Watsonia borbonica (Pourret) Goldblatt	2	Forbs/Herbs
bulbil bugle-lily	Watsonia meriana (L.) P. Mill.	8	Forbs/Herbs
Japanese wisteria	Wisteria floribunda (Willd.) DC.	144	Vines
Chinese wisteria	Wisteria sinensis (Sims) DC.	448	Vines
arrowleaf elephant's ear	Xanthosoma sagittifolium (L.) Schott	44	Forbs/Herbs
Asiatic hawksbeard	Youngia japonica (L.) DC.	191	Forbs/Herbs
calla lily	Zantedeschia aethiopica (L.) Spreng.	19	Forbs/Herbs
Syrian beancaper	Zygophyllum fabago L.	40	Shrub or Subshrub